student_id,attendance,avg_grade,Dropout
1,0.8773380166023448,6.658313719142457,Dropout
2,0.7716205670640244,6.868971113970977,No dropout
3,0.8179324623847107,7.219735226790125,Dropout
4,0.7747764889846159,6.51469360002348,No dropout
5,0.7511064359404457,6.903479028483611,Dropout
6,0.7685234659368375,6.583243191669077,Dropout
7,0.765286667518934,7.536186002595147,Dropout
8,0.8016455089102857,6.2199125915381,Dropout
9,0.9140519712925145,7.93,Dropout
10,0.8017930897502278,6.032056441200239,Dropout
11,0.9195,6.725436416237367,Dropout
12,0.902537320747543,6.88333271076044,Dropout
13,0.7704239700762339,6.757076130897795,Dropout
14,0.9195,6.610364076776607,Dropout
15,0.9195,5.136976871082817,Dropout
16,0.7512602068391748,5.07,Dropout
17,0.7105,7.93,No dropout
18,0.8100541761771989,5.07,Dropout
19,0.7105,7.0657326078245175,Dropout
20,0.9082688464672369,6.757103896775023,Dropout
21,0.8399539675123011,5.589938198596193,Dropout
22,0.7943768426139973,7.094956845347489,Dropout
23,0.8543475486400642,6.990235734190195,Dropout
24,0.9195,6.254833123658055,Dropout
25,0.8705592214835736,6.12831717150906,Dropout
26,0.7146314072482711,6.712218380982633,Dropout
27,0.8738824183595197,7.052358454988512,Dropout
28,0.8714993151799807,6.822118680082567,Dropout
29,0.7791325310239469,7.93,Dropout
30,0.9064870196308665,5.302891743679972,Dropout
31,0.8116744694912058,5.07,Dropout
32,0.9195,7.93,Dropout
33,0.9195,7.417573334291152,Dropout
34,0.8144514953036386,5.516840125429249,Dropout
35,0.7650278480896784,5.07,Dropout
36,0.9195,5.650246728343788,Dropout
37,0.8419064874741754,7.334537157731574,Dropout
38,0.8175524537793839,5.07,Dropout
39,0.8488158562738207,5.07,Dropout
40,0.9195,5.07,Dropout
41,0.9195,7.93,Dropout
42,0.8049775292418994,5.07,Dropout
43,0.7611631367191999,6.542381720329193,Dropout
44,0.7155282957745007,5.808426577204693,Dropout
45,0.7899307954206376,5.07,Dropout
46,0.8223248168790028,6.565143448264462,Dropout
47,0.9110612309609072,6.417423719806808,Dropout
48,0.8792183328638207,7.318058264633078,Dropout
49,0.885610335972787,7.808977713367847,Dropout
50,0.8809367271688147,7.453635316162455,Dropout
51,0.732298415355051,6.768999103894736,Dropout
52,0.769571560351903,5.54408073640178,Dropout
53,0.7105,7.172974191994547,Dropout
54,0.7402176286463434,5.439437132907163,Dropout
55,0.8695903789530779,6.794597489384626,Dropout
56,0.8315682079579607,7.3360463532795865,No dropout
57,0.8705004050896404,5.07,Dropout
58,0.9081735773517308,7.118074562403152,Dropout
59,0.8312400747817503,6.956980810732114,Dropout
60,0.755081820547051,7.270805326042157,Dropout
61,0.7732086647205755,5.8965534932672945,Dropout
62,0.7671164583167469,6.419501446735014,Dropout
63,0.9195,5.800996209737756,Dropout
64,0.9195,6.692705731831681,Dropout
65,0.7105,7.555734104877172,No dropout
66,0.806200821464528,7.93,Dropout
67,0.7660001191516421,7.619681110180421,Dropout
68,0.9170233874883392,6.079844649260152,Dropout
69,0.7105,5.588445098637575,Dropout
70,0.7121962615490558,7.720913496950605,Dropout
71,0.7593174054909818,5.07,Dropout
72,0.9005992405007646,5.07,Dropout
73,0.884345131736232,7.700975730490591,Dropout
74,0.8029600752848773,5.07,Dropout
75,0.7848783125964194,7.1870742343446965,Dropout
76,0.85437792158503,6.264679580573177,Dropout
77,0.7790343322898946,5.625698140555674,Dropout
78,0.8131417824572715,6.837113579465946,Dropout
79,0.7105,7.407672155784049,Dropout
80,0.8705637941838751,6.489654752696324,Dropout
81,0.8844266420274413,6.555691797329963,Dropout
82,0.7785870293374303,7.158996734483886,Dropout
83,0.7594892178370681,5.923488300158672,Dropout
84,0.7436570379517797,6.073781782048734,Dropout
85,0.9195,7.93,Dropout
86,0.810300817018906,5.391950389830269,No dropout
87,0.8320635470042603,7.470878289539694,Dropout
88,0.7584849363941562,6.191064437828682,Dropout
89,0.9195,5.07,Dropout
90,0.8107437282450938,5.143458392253316,Dropout
91,0.7882742365572017,7.4803088059202745,Dropout
92,0.8287554241644085,5.701649334638184,Dropout
93,0.7817714904420636,6.293823945392917,Dropout
94,0.8690819189971427,7.93,Dropout
95,0.7485465092034048,6.803521656475273,No dropout
96,0.8833148769788728,6.092667691523471,Dropout
97,0.7872172733265574,5.5987451808181,Dropout
98,0.8334383680215338,6.5966176046239635,Dropout
99,0.8791891294880798,5.260871577457498,Dropout
100,0.7952539991258658,5.673863653062708,Dropout
101,0.7989966712294652,6.700756262371577,No dropout
102,0.7251936152676266,7.612522363329517,Dropout
103,0.8135586073477831,7.741576656081601,Dropout
104,0.9095092748953266,7.430285992707903,Dropout
105,0.8370669583895483,5.305107918142968,Dropout
106,0.7105,6.290033388768685,Dropout
107,0.7960020107255906,6.624973371015562,Dropout
108,0.8629832927877282,5.563552574576265,No dropout
109,0.819441089807364,5.847358185138487,Dropout
110,0.7539284192775436,5.07,Dropout
111,0.8632210734605748,5.928583715628302,Dropout
112,0.8217220563631032,6.232347288666951,Dropout
113,0.9093088205165517,5.792492740118937,Dropout
114,0.8884939808663627,7.93,Dropout
115,0.9195,6.674288606852064,No dropout
116,0.9193067891636147,7.6715219620627515,Dropout
117,0.8382126750567354,6.690711066768195,Dropout
118,0.8371822846006096,6.956115494523769,Dropout
119,0.7626515261930186,6.981540911903178,Dropout
120,0.8199181863284675,6.671186285590714,Dropout
121,0.9149004327109601,6.904049496284733,Dropout
122,0.9195,6.770612025490102,Dropout
123,0.8855884441784584,6.7218867774118225,Dropout
124,0.8645572670175179,6.0721041077058056,Dropout
125,0.8385549248032378,7.112033442277915,Dropout
126,0.8560609094964137,5.692509725068821,Dropout
127,0.7136235340149626,5.091757102220996,Dropout
128,0.9132060442434523,7.041587077372608,Dropout
129,0.8024754513934531,5.574315394067263,No dropout
130,0.9195,6.864182548488908,Dropout
131,0.8316671780984037,6.666452132759041,Dropout
132,0.838481361584767,5.07,Dropout
133,0.8138892824274427,7.93,Dropout
134,0.7105,7.029542058716845,Dropout
135,0.820743308838741,7.429810791510134,Dropout
136,0.7986455553392225,7.04839943296943,Dropout
137,0.7972037550909941,7.93,Dropout
138,0.8061247250229362,6.3859898043506975,No dropout
139,0.7650877856279211,6.067485147450165,Dropout
140,0.9195,7.33665832049923,Dropout
141,0.7789114689596012,5.609746379199472,No dropout
142,0.7910036509162539,5.07,Dropout
143,0.8096865276453413,7.317446470765633,Dropout
144,0.840191127703007,5.978773036588185,Dropout
145,0.7406086414737715,5.07,Dropout
146,0.7777939125104345,6.199982193013395,Dropout
147,0.8258927166507322,5.888616710024283,Dropout
148,0.7105,5.186574789566201,Dropout
149,0.8325515265485287,6.82066594410073,Dropout
150,0.8304683344574919,6.783222816486806,Dropout
151,0.9020400407321731,6.665697454153972,Dropout
152,0.7105,6.6191411450396584,Dropout
153,0.8721382000763737,6.920603372650172,Dropout
154,0.8304930183172109,5.07,Dropout
155,0.8634520949488302,7.324927402157347,Dropout
156,0.9024641245494579,5.330896756416538,Dropout
157,0.7205683145898084,7.104603534636186,Dropout
158,0.8604993339899555,5.358013187224719,Dropout
159,0.8237969052342133,7.93,Dropout
160,0.8231599264663055,5.699598510343321,Dropout
161,0.7760997557377405,5.07,Dropout
162,0.84804966138096,6.075657147633565,Dropout
163,0.8005170181972194,6.225840873608573,Dropout
164,0.738756754857886,5.278086618568005,Dropout
165,0.7456748310081706,5.07,Dropout
166,0.7752813410948304,6.076421687787437,Dropout
167,0.7248974384249766,5.07,Dropout
168,0.7900856556506457,5.843195933775812,Dropout
169,0.8351442783246079,6.87545004049643,Dropout
170,0.736010485947095,5.07,Dropout
171,0.9195,5.476551939099278,No dropout
172,0.7105,5.828996239246637,Dropout
173,0.7860354790115707,6.482798519126736,Dropout
174,0.8919424092260596,6.791466048194974,No dropout
175,0.802312406380455,5.07,Dropout
176,0.8465715908537049,7.467157699540995,Dropout
177,0.8788146310200468,6.344285844226473,Dropout
178,0.7105,5.07,No dropout
179,0.7401361838466425,5.796775155947749,Dropout
180,0.878483240572427,6.89181783942666,Dropout
181,0.904273216821137,7.045160036778245,Dropout
182,0.9195,6.354502054920315,Dropout
183,0.8066699731810821,5.874236491582776,Dropout
184,0.9195,6.217171084614766,Dropout
185,0.8156704162059236,5.756890134906991,Dropout
186,0.8386937311026521,7.93,Dropout
187,0.8969305740275879,5.608589232382969,Dropout
188,0.9195,6.415608203252736,Dropout
189,0.8412092977074664,6.185677859202257,Dropout
190,0.7729610455006027,5.725446567115695,Dropout
191,0.772173468586397,5.626038738314781,Dropout
192,0.8851668200234093,5.515231863053084,Dropout
193,0.8121653139355972,6.5954479931488015,Dropout
194,0.9195,5.562751350040392,Dropout
195,0.7843700960967531,7.675207467710976,Dropout
196,0.9195,7.193095018806009,Dropout
197,0.8984981835516316,6.237428700054629,Dropout
198,0.7765663124810439,7.93,Dropout
199,0.866621147258218,7.088113644085594,Dropout
200,0.8024833040971927,6.162317080537531,Dropout
201,0.762684876583874,5.3426073854349605,Dropout
202,0.7462599538530594,6.781547839178043,Dropout
203,0.8652715356595622,7.515575174247895,Dropout
204,0.7105,7.93,Dropout
205,0.8733243762157454,6.470818628366912,Dropout
206,0.8176335830601198,7.93,Dropout
207,0.8395221822029995,5.257885755401287,Dropout
208,0.8441059358378536,6.343007303110756,Dropout
209,0.830701213906322,5.07,Dropout
210,0.9040354233833865,6.50491662923282,Dropout
211,0.9195,6.714915971792123,No dropout
212,0.8788388267927456,7.23679599602964,Dropout
213,0.8410192893955918,5.07,Dropout
214,0.9195,5.07,Dropout
215,0.7726483028730443,6.812579329895898,Dropout
216,0.8920366694608195,5.238782983403785,Dropout
217,0.8552008443390584,7.93,Dropout
218,0.9060504986798273,5.2342231958153285,Dropout
219,0.782780169502214,6.078270083321968,No dropout
220,0.8531901897658475,5.862328123075965,Dropout
221,0.8689973802894251,7.93,Dropout
222,0.8237134086769005,5.07,Dropout
223,0.8515717918418009,5.07,Dropout
224,0.8054712744234146,5.07,Dropout
225,0.7105,6.4664695481328245,Dropout
226,0.8392514299965652,5.07,Dropout
227,0.9195,6.297491660192488,Dropout
228,0.8438209379463624,7.93,Dropout
229,0.770285538623855,5.928964171954571,Dropout
230,0.8669240408927539,5.832854574684967,Dropout
231,0.91092598636928,6.60532736283307,Dropout
232,0.8490088537759858,6.331503015548987,Dropout
233,0.834988528691167,5.07,Dropout
234,0.772793817979399,5.655677617562166,Dropout
235,0.8220882597203197,5.07,Dropout
236,0.8104842798104371,6.198712828137663,Dropout
237,0.8269064960845722,7.93,Dropout
238,0.8506942207997215,5.5242770675731405,Dropout
239,0.8905829970821194,5.07,Dropout
240,0.9195,6.204048261850891,Dropout
241,0.8498610962739733,5.420041066393742,Dropout
242,0.7919304717037721,7.0216470512531854,Dropout
243,0.7711156116422256,5.4999171188797735,Dropout
244,0.9195,7.586561260532583,Dropout
245,0.7105,6.399810677141842,Dropout
246,0.7299615608839671,7.535194239054705,Dropout
247,0.7702650969014792,5.625407861374749,No dropout
248,0.7533629057826267,5.07,Dropout
249,0.8535175666827397,7.4041671553781745,Dropout
250,0.7256489408786898,7.925376239553419,Dropout
251,0.7105,6.286041249521445,Dropout
252,0.7823666115635287,5.435063621199219,No dropout
253,0.8167809487772538,5.07,Dropout
254,0.8403410184907556,5.4642025598781085,Dropout
255,0.7584252725324919,7.528828523391743,Dropout
256,0.8157433510370921,5.07,No dropout
257,0.7955154161557917,5.830823812078903,Dropout
258,0.7568393427356495,6.270053419965562,Dropout
259,0.8912482967372193,7.302144454257224,No dropout
260,0.8102229364693425,7.713996919692039,No dropout
261,0.8625470956753684,5.688044250132653,Dropout
262,0.8351453775317327,5.07,Dropout
263,0.7963235098183576,7.5629449961450295,Dropout
264,0.9195,7.63664895853913,Dropout
265,0.7707091810191762,5.07,Dropout
266,0.7742885068987989,6.382852244244611,Dropout
267,0.9195,5.90239383953477,Dropout
268,0.8112652512547766,7.241620941689405,Dropout
269,0.7366992571203601,5.3997188163641745,Dropout
270,0.7965039300042718,7.162887697536984,Dropout
271,0.8370884237360301,7.93,Dropout
272,0.8993207408312567,7.93,Dropout
273,0.7702782244991906,6.522796669383885,Dropout
274,0.9195,6.808361410712559,Dropout
275,0.7972923505738483,6.489037057287893,Dropout
276,0.9195,5.07,Dropout
277,0.8301503403320332,5.717496681084935,Dropout
278,0.8525504171950049,6.17034563625815,Dropout
279,0.7963790057712948,6.173582856165567,Dropout
280,0.806744495287916,6.207022737081702,Dropout
281,0.8415106062770754,5.6858751122471975,Dropout
282,0.8397442882333026,6.939983932004712,Dropout
283,0.7203351073636435,5.885246593875543,Dropout
284,0.7561402298384359,6.180986451787813,Dropout
285,0.9195,6.146368668998536,Dropout
286,0.8888033985971975,5.558258073260005,Dropout
287,0.7105,5.269018591118525,Dropout
288,0.9195,7.21931386742007,Dropout
289,0.8070496838349287,7.08648204067413,Dropout
290,0.7482012516186646,5.07,Dropout
291,0.9195,5.647218600416787,Dropout
292,0.9195,7.020358387811592,Dropout
293,0.8678039810130757,5.835306722773671,Dropout
294,0.8340314715723106,5.984201577946296,Dropout
295,0.7982691880472644,5.922682579049894,Dropout
296,0.7659245259791269,6.99216873002587,Dropout
297,0.8769833903178079,7.93,Dropout
298,0.749906785609026,5.1842800903640445,Dropout
299,0.7769923947248194,6.317748003558653,Dropout
300,0.8664763299279841,6.973482198012581,Dropout
301,0.7613562340711566,6.8905913405598875,No dropout
302,0.8586507238675485,7.156439327529397,Dropout
303,0.9169862126236208,5.4719596617579365,Dropout
304,0.9195,5.07,Dropout
305,0.8593305509118809,7.2611769189534865,Dropout
306,0.8113825838515779,6.3272618430108345,Dropout
307,0.7105,6.241501242037969,Dropout
308,0.8778192430377423,6.37175715943344,No dropout
309,0.7939932951319096,7.93,Dropout
310,0.7372328179385043,5.521310224467719,Dropout
311,0.7212577285068279,6.0564260877278135,Dropout
312,0.9195,5.07,Dropout
313,0.8497293746767951,7.057254001046925,Dropout
314,0.7105,5.866721080123486,Dropout
315,0.8665505089368637,5.846276467532984,Dropout
316,0.9195,5.63618280364807,Dropout
317,0.8873962646902644,6.4578153615177225,Dropout
318,0.7494764239021181,6.05315403734652,Dropout
319,0.7692523592455972,7.8646422837745815,Dropout
320,0.9195,5.928248853719043,Dropout
321,0.8068140691231851,5.730186663789494,Dropout
322,0.905285636352082,6.280266577413837,Dropout
323,0.7885975405258577,7.585423111319656,Dropout
324,0.9195,6.0826463198838425,Dropout
325,0.8245922200176405,6.1508693449079,Dropout
326,0.9195,5.07,Dropout
327,0.8227961625864556,7.1359018727045,Dropout
328,0.8050612656573952,7.029990604579149,Dropout
329,0.8452084425940052,5.294389923807763,Dropout
330,0.8586114110517791,7.114367651938828,Dropout
331,0.7105,6.653470897037545,No dropout
332,0.7909239407653401,5.07,Dropout
333,0.7702771241244246,6.741340149675695,Dropout
334,0.7904848361775336,7.06208294592241,Dropout
335,0.8614250744985831,5.07,Dropout
336,0.897074332268565,6.761115443896036,Dropout
337,0.8591956583586804,6.376215109376898,Dropout
338,0.7827598290194812,5.07,Dropout
339,0.9195,5.07,Dropout
340,0.9195,5.07,No dropout
341,0.8408142788996109,7.393532736273569,Dropout
342,0.9069704010525625,7.771795468176064,Dropout
343,0.8281208530150891,5.569240993630511,Dropout
344,0.7900193009721131,7.697732337418172,Dropout
345,0.7672914764346312,6.405794934162484,Dropout
346,0.7526678181955457,5.07,Dropout
347,0.7313278931442342,7.087787429244891,No dropout
348,0.8764216897849513,6.81313888475233,Dropout
349,0.8411795162636699,5.266122481663113,No dropout
350,0.7783776766968409,7.185605357101465,Dropout
351,0.8433778936587778,6.297319072377057,No dropout
352,0.7105,5.87588354271361,Dropout
353,0.7848023249380867,6.870168334588921,No dropout
354,0.8812255029123548,7.763093717377663,No dropout
355,0.790999440817907,5.465915618383386,Dropout
356,0.8798591010863483,6.261252998088632,Dropout
357,0.9034745827353419,6.854167776362334,Dropout
358,0.7453936785036879,5.657507382129446,Dropout
359,0.7105,7.278624664028159,No dropout
360,0.8046496968089858,5.52980294416965,Dropout
361,0.9184366576062757,6.237336072618722,Dropout
362,0.7959746710887207,6.5385455964583885,Dropout
363,0.8921531553095915,6.914779813746008,Dropout
364,0.9195,5.83345234868151,Dropout
365,0.7853645515086282,5.630946361074539,Dropout
366,0.7705538588360309,6.8713360832279164,Dropout
367,0.763584101366634,7.805662354193774,Dropout
368,0.8931004675551908,7.240903115345047,Dropout
369,0.8898570522039145,5.850011844765209,Dropout
370,0.827494979144573,7.003997527006643,Dropout
371,0.9195,5.7348629209972675,Dropout
372,0.7680896648143084,5.880077379283449,Dropout
373,0.9178101392311925,5.532748415981391,Dropout
374,0.9195,6.560420039549409,Dropout
375,0.8904528213531868,7.892944435895906,Dropout
376,0.9195,7.126640255658251,Dropout
377,0.9195,5.07,Dropout
378,0.7750071702630802,5.802641040614842,Dropout
379,0.7105,5.556840711019985,No dropout
380,0.7945223571781596,7.295085349555415,Dropout
381,0.8059511222402855,7.408413058196578,Dropout
382,0.8437289027519128,5.933858361608168,Dropout
383,0.8765012854131425,6.332972482038188,Dropout
384,0.9195,6.020272377504588,Dropout
385,0.9195,5.84697726314768,Dropout
386,0.7281472979102904,5.07,Dropout
387,0.8325640956504714,6.057726785202089,Dropout
388,0.8605873684490256,6.480431892539995,Dropout
389,0.8336559159083248,6.0937414311681035,Dropout
390,0.77973170750755,5.9274374001426775,Dropout
391,0.7105,6.877605837895056,Dropout
392,0.7105,7.608039423546833,Dropout
393,0.8187273935299632,5.779205287676554,Dropout
394,0.8457958695907642,6.059697741753111,Dropout
395,0.8570659274047144,6.513309893293318,Dropout
396,0.906150739817043,6.965461823681646,Dropout
397,0.9195,6.813315711713422,Dropout
398,0.9195,6.979259016021844,Dropout
399,0.8911776834858636,5.07,Dropout
400,0.8257742359067601,7.473073249205124,Dropout
401,0.9195,6.673178338817273,Dropout
402,0.8487524196404541,6.486351277942866,Dropout
403,0.7877640649887061,6.340383734101414,Dropout
404,0.8527091022759746,6.377134952738897,Dropout
405,0.7105,6.229051068501285,Dropout
406,0.8911676307306052,5.07,Dropout
407,0.8269934411117029,6.690450018391319,Dropout
408,0.9195,7.93,Dropout
409,0.824131602512359,5.121255131677629,Dropout
410,0.8785194185542601,5.94525396552157,Dropout
411,0.848905071040695,7.692896551294558,Dropout
412,0.8696897971786661,7.93,Dropout
413,0.8372803759265162,5.779406460051663,Dropout
414,0.8161453839157795,5.966783381835211,Dropout
415,0.7857033231104102,5.07,Dropout
416,0.837907082016136,7.6367877437603315,No dropout
417,0.8329360247198562,7.411446344337221,No dropout
418,0.7439956719167496,6.511347365615662,Dropout
419,0.8013264015024563,6.118783438031886,No dropout
420,0.84201223410192,6.165476117775869,Dropout
421,0.8154955852180485,6.060611586407522,Dropout
422,0.8585635509982864,6.703342776575408,Dropout
423,0.9195,6.464543871325854,Dropout
424,0.721783848399681,6.359491150507245,Dropout
425,0.8410583832666468,6.742508264973237,Dropout
426,0.832597145843212,7.191981904324431,Dropout
427,0.846766671540552,5.312092301290631,Dropout
428,0.7803249931630308,6.4196584658064495,Dropout
429,0.8043203169546844,5.283915025040799,No dropout
430,0.7722170871131274,5.174283074229272,Dropout
431,0.7998064194173693,5.766351237416852,Dropout
432,0.844722728830973,7.93,Dropout
433,0.7620059397804628,5.701726487296467,Dropout
434,0.8464125500746166,6.587685739501328,Dropout
435,0.803478210450456,6.893581178628563,Dropout
436,0.7732819608902017,5.770824593146236,No dropout
437,0.7746007671888111,6.702788960007471,Dropout
438,0.8059210357672862,5.07,Dropout
439,0.7105,6.261398263776998,Dropout
440,0.7926076491874946,6.2029780787160185,Dropout
441,0.8008651718005548,6.64127386022391,Dropout
442,0.8477797122053929,6.863002554481965,Dropout
443,0.8619602594654026,5.07,Dropout
444,0.8179334816306566,6.375707247370184,Dropout
445,0.7796035398589476,5.3792991572196085,Dropout
446,0.8703536473361144,6.894393770057584,Dropout
447,0.7943143994235026,6.609273462674862,Dropout
448,0.7105,5.609206563469846,Dropout
449,0.9195,5.912525426049937,Dropout
450,0.8820081347685034,6.186436155183637,Dropout
451,0.9195,7.262302269675228,Dropout
452,0.736488127610567,5.750159312081345,Dropout
453,0.8338183836078145,5.632492753977761,Dropout
454,0.7897087871916054,6.16957043247886,Dropout
455,0.9093408437278667,6.094052191569435,Dropout
456,0.8291962549824293,5.472528047044487,No dropout
457,0.8917866405578725,7.93,Dropout
458,0.8273691707492239,7.93,Dropout
459,0.7105,6.702212694723535,Dropout
460,0.7678688743276052,5.183442606029701,Dropout
461,0.8474670029404363,5.07,Dropout
462,0.721714551083085,7.570623988287953,Dropout
463,0.8215831373445851,7.7014865948380455,Dropout
464,0.8956257922806152,5.112405362693373,Dropout
465,0.8703380358547703,5.987805740602394,Dropout
466,0.8713059944216566,6.43310339421402,Dropout
467,0.8308968816153334,6.088140477806364,Dropout
468,0.8321793024901838,7.93,Dropout
469,0.827092820449274,6.128425137276922,Dropout
470,0.7105,5.552326117815249,Dropout
471,0.7105,7.265592863683761,No dropout
472,0.7242246766379872,6.1609713210902175,Dropout
473,0.9195,6.298190589810513,Dropout
474,0.7780293089562524,6.239784626233709,Dropout
475,0.7105,6.074798259722655,Dropout
476,0.9181947806513903,6.008926407668143,Dropout
477,0.7460653961848169,6.343378495956478,Dropout
478,0.7105,5.07,Dropout
479,0.7320696935842503,7.652136374828947,Dropout
480,0.860676949442131,6.54170000081126,Dropout
481,0.8486896483538792,6.340606617300311,Dropout
482,0.788335284889483,7.240061368673845,Dropout
483,0.7626843709885878,5.217823925519625,Dropout
484,0.9195,6.2540491002244725,Dropout
485,0.8859406079181452,5.339715236307324,Dropout
486,0.7888635310885019,5.07,Dropout
487,0.7892669171939966,5.943885712438137,Dropout
488,0.7987278437716061,5.07,Dropout
489,0.8392229938709256,5.7958658220463075,Dropout
490,0.9195,6.981079248949516,Dropout
491,0.7452219372096897,6.388637144805231,Dropout
492,0.9195,5.07,Dropout
493,0.8902034461530054,5.422777000810669,Dropout
494,0.8371596255448539,7.064851430006192,Dropout
495,0.872073824283788,7.93,Dropout
496,0.8043018942116849,6.353293521493552,Dropout
497,0.9195,6.916145892248219,Dropout
498,0.8904162550281708,6.666594805126083,Dropout
499,0.9034112820964114,5.07,Dropout
500,0.8430339597914427,7.146096733839541,No dropout
501,0.9195,7.480945825129742,Dropout
502,0.7588736091896611,5.745103791809217,No dropout
503,0.9195,5.07,Dropout
504,0.8608906932415166,6.5714293770281484,Dropout
505,0.9108847127831675,7.93,Dropout
506,0.9195,7.397254597356422,Dropout
507,0.8019268724535771,5.07,Dropout
508,0.8843545415166393,5.548601193853112,Dropout
509,0.8748898992153675,5.7502399174240555,No dropout
510,0.72639535336824,7.504880302313401,Dropout
511,0.7296053063231069,6.218809700418627,Dropout
512,0.9195,7.805208584428659,Dropout
513,0.8260677935162025,5.480189199300757,Dropout
514,0.8806557122220965,5.728361747489649,Dropout
515,0.8579382529501546,5.912896880885409,Dropout
516,0.815834414784301,6.129179173088097,Dropout
517,0.8433210024151394,5.07,Dropout
518,0.7863207688180831,6.226157461946631,Dropout
519,0.9078287839813126,5.07,Dropout
520,0.7419521223798843,7.236254514606498,Dropout
521,0.855362956005195,7.26016379632302,Dropout
522,0.9195,5.07,Dropout
523,0.8480362652204281,6.839363250212429,Dropout
524,0.8826611582174995,6.424696975570982,No dropout
525,0.8601542810136136,6.563975259039291,Dropout
526,0.779522536662056,5.404649934742587,Dropout
527,0.8668002566389077,7.585754199917609,Dropout
528,0.7632759347145794,7.450266813295965,Dropout
529,0.8069466522922899,7.076033674314013,Dropout
530,0.8738296487436872,5.686125298917314,Dropout
531,0.8330588224272203,7.623393253605062,Dropout
532,0.9168071426963499,7.770641175632697,Dropout
533,0.8582978979853862,6.415499535608186,Dropout
534,0.7983837989642415,5.137120040240173,Dropout
535,0.8314969633143626,5.247201212180716,Dropout
536,0.8216406175209452,5.301460010940807,Dropout
537,0.7646476487406618,5.861928919847569,Dropout
538,0.7904405311204095,6.181003098087419,Dropout
539,0.8814850312038585,5.518434985143598,Dropout
540,0.850729273376186,6.884659179262755,Dropout
541,0.8089908954956022,7.4147685009222375,No dropout
542,0.907993932029157,5.07,Dropout
543,0.9195,6.374161791444975,Dropout
544,0.78842876972039,6.2936960966818924,Dropout
545,0.9195,6.062149882420756,Dropout
546,0.8582279744125946,7.93,No dropout
547,0.8328172428401753,5.474973258275652,Dropout
548,0.8281554735362032,6.755091781856967,Dropout
549,0.7956368000259092,6.913484549832961,Dropout
550,0.7577734606824849,7.872770203251951,Dropout
551,0.856930345173809,5.529715838413279,Dropout
552,0.9195,6.259372417765506,Dropout
553,0.7105,6.829959011365301,Dropout
554,0.9195,6.145382366534261,Dropout
555,0.9195,5.821612660300393,Dropout
556,0.8276516551211025,6.7399619062827805,Dropout
557,0.7105,7.564367722647411,Dropout
558,0.909618304023736,5.160720370892823,Dropout
559,0.7994689524732317,5.934709943841374,Dropout
560,0.7105,5.07,Dropout
561,0.7105,6.477279164668419,Dropout
562,0.9195,5.341431186017008,Dropout
563,0.8294364990976575,6.883016940808731,Dropout
564,0.8043316125417439,6.387976417662338,Dropout
565,0.8308022807858558,6.593190990430172,Dropout
566,0.7182861147927055,7.93,Dropout
567,0.8222517260902249,5.398917453601036,Dropout
568,0.8726306984656054,5.546004152814547,No dropout
569,0.856980875773925,6.465864990886207,Dropout
570,0.8539425156592282,5.675808292703007,No dropout
571,0.7955835264826628,5.07,Dropout
572,0.7105,7.354475232049418,Dropout
573,0.7105,6.878008995544124,Dropout
574,0.8299079278672524,7.726739930902106,Dropout
575,0.8776828037318349,5.806864162811159,No dropout
576,0.8298971585188597,7.369076376736953,Dropout
577,0.9195,5.717074412774842,Dropout
578,0.8214864062949336,6.7888256384315255,Dropout
579,0.7958528856932028,6.373748918739147,Dropout
580,0.7800570370948756,7.896093446082057,Dropout
581,0.7105,6.682906011927194,No dropout
582,0.7291777142268808,6.716248122266993,Dropout
583,0.9195,5.654015393861419,Dropout
584,0.8618931603517528,6.147073877207832,Dropout
585,0.7595206965815146,6.814547599126197,Dropout
586,0.8881312792979993,7.93,Dropout
587,0.8336746518440621,6.910972601887451,Dropout
588,0.8276656057128003,6.076207225721124,Dropout
589,0.8148895630831828,7.091440980803205,Dropout
590,0.7105,7.93,Dropout
591,0.7105,7.419215098948881,Dropout
592,0.9195,6.521907990572982,Dropout
593,0.7352368058514892,7.863580249520641,Dropout
594,0.7792857314743874,5.94352619884159,Dropout
595,0.8056650734948686,5.678416836415554,Dropout
596,0.9195,6.093115082468877,Dropout
597,0.9139403402192513,7.229871767142313,Dropout
598,0.8408750665405147,5.33755505233615,Dropout
599,0.7939632295558097,5.07,Dropout
600,0.9195,6.129365596161132,Dropout
601,0.8769242452067538,6.303019900551005,Dropout
602,0.8265586547826421,7.742667560193531,Dropout
603,0.8322408001936913,7.652191301202232,Dropout
604,0.7201069327263143,7.06577423103662,Dropout
605,0.7234588647100861,7.0896971762717325,Dropout
606,0.8619793733103973,6.715786357196877,Dropout
607,0.84172905515286,5.705963442317763,No dropout
608,0.9195,6.264520190850461,Dropout
609,0.7562254183505908,5.667291862862981,Dropout
610,0.8382435570917546,7.93,Dropout
611,0.9195,5.515608937166442,Dropout
612,0.9195,5.929020919805252,No dropout
613,0.8295424469438675,7.2572313701913815,Dropout
614,0.7693869238510568,6.518421401250207,Dropout
615,0.7105,6.31558385026475,No dropout
616,0.7721498616874739,5.6018548462848,Dropout
617,0.8926560167899941,5.411932840072924,Dropout
618,0.84332110608719,6.234534705822411,Dropout
619,0.8581957185545607,7.907139329882197,Dropout
620,0.9092258350189467,7.847817305338324,No dropout
621,0.7408518017433334,5.906348196838883,No dropout
622,0.8933556804114717,5.07,Dropout
623,0.7743700878665277,5.4780675739360865,Dropout
624,0.7877872945565889,7.449047054246291,Dropout
625,0.8723714017290025,7.621114139198574,Dropout
626,0.7127820718306398,7.133584745423169,Dropout
627,0.7976050974648066,7.93,Dropout
628,0.9195,5.784465618447882,Dropout
629,0.9028479175044176,5.07,Dropout
630,0.8938484975866108,5.793624119043295,Dropout
631,0.8615414056567517,7.02766166732771,Dropout
632,0.8174649424602418,6.814667572368408,Dropout
633,0.7800722806730663,6.232262424444841,Dropout
634,0.7451145142273965,6.2257435001581936,Dropout
635,0.9099113081482911,5.07,Dropout
636,0.8434569270222015,5.368889370411938,Dropout
637,0.8732493859430149,7.93,Dropout
638,0.7105,6.40988134735648,Dropout
639,0.741208115419673,7.4393437979945585,Dropout
640,0.7105,6.56569861331633,Dropout
641,0.7390242466888668,5.720106479066981,Dropout
642,0.8476084307122574,7.104586377216137,Dropout
643,0.8297215375441016,7.93,Dropout
644,0.851994663106343,5.425514822251064,Dropout
645,0.8617227111835853,6.043650835130707,Dropout
646,0.8035811776214362,5.9091151546605225,Dropout
647,0.7415089233483323,6.972735149158365,Dropout
648,0.9195,6.228957672240879,Dropout
649,0.8489675273799447,7.93,Dropout
650,0.8205939248243462,6.27296936583356,Dropout
651,0.761616041926761,7.331351569927022,Dropout
652,0.8022545805188386,6.284330292808829,Dropout
653,0.8518055685534779,5.154066478237533,No dropout
654,0.8772288177017924,6.013785210223804,Dropout
655,0.8551547707514133,5.07,Dropout
656,0.7757893070519343,6.319101993931443,Dropout
657,0.7395726804556141,7.203063717415308,Dropout
658,0.8305855682791937,7.339023095271708,Dropout
659,0.7981085671961587,7.93,Dropout
660,0.8698806413058052,7.081234468054902,No dropout
661,0.7178094828372819,6.330932050504897,Dropout
662,0.7450946417100918,5.429011602106457,Dropout
663,0.8450794465202754,6.055972117611583,Dropout
664,0.9129707172560327,6.827630833603819,No dropout
665,0.8565957571202035,5.829012321735418,Dropout
666,0.8253321841233477,5.689696623405469,Dropout
667,0.8905665962380762,6.921369535907744,Dropout
668,0.8955051094862287,6.6364614075030355,Dropout
669,0.7339097854681633,5.07,Dropout
670,0.7964970897594207,5.973441350539011,No dropout
671,0.8481181558279887,6.145257141609422,Dropout
672,0.784485156088067,6.988093613611652,Dropout
673,0.8536422928148968,5.738737748053725,Dropout
674,0.9195,7.93,No dropout
675,0.7341703309212777,7.022440376757195,Dropout
676,0.9042040968382438,7.275431905713316,No dropout
677,0.801792853686545,6.6529232771198075,Dropout
678,0.7784177586336578,5.9426137869454845,Dropout
679,0.7961653169879234,5.07,Dropout
680,0.7835872063658628,5.07,Dropout
681,0.8981205833054599,5.07,Dropout
682,0.9195,5.07,No dropout
683,0.818507692966071,7.37166691045219,Dropout
684,0.9195,5.383689257991838,Dropout
685,0.7239892037365677,5.07,Dropout
686,0.7105,6.289188962980642,Dropout
687,0.9195,6.004618864191635,Dropout
688,0.9195,7.509336667666828,Dropout
689,0.7105,6.20282189499726,Dropout
690,0.7587783587722137,6.361365987882321,Dropout
691,0.7937497716140077,7.93,Dropout
692,0.7745145766828009,6.377949256603907,Dropout
693,0.8288465293524899,5.827890360627348,Dropout
694,0.8517929314079826,7.93,Dropout
695,0.8671434167323219,6.323935171259434,Dropout
696,0.8176846962771543,6.722965259775632,No dropout
697,0.8245261442276945,6.554440358413936,Dropout
698,0.8734745587327823,5.523782416278888,Dropout
699,0.8114598471455693,7.322792365256918,Dropout
700,0.9195,5.07,Dropout
701,0.9195,6.369192610514317,No dropout
702,0.8528368242535888,5.857145960579114,Dropout
703,0.8960299430624341,5.503495708922732,Dropout
704,0.7301956894263212,5.07,Dropout
705,0.8355050618982633,5.903632364312382,Dropout
706,0.8698017131279582,6.77031290869087,Dropout
707,0.8301614647863429,7.93,Dropout
708,0.7105,5.577516609474158,Dropout
709,0.7854745722225667,7.386120340549917,No dropout
710,0.9195,7.762550713146288,Dropout
711,0.8049410457368832,7.038353921508999,Dropout
712,0.7438850962017174,7.177548036621433,Dropout
713,0.7105,6.326260128660147,Dropout
714,0.7195307237618458,6.53454380246617,No dropout
715,0.8467306548306825,7.849759681031309,Dropout
716,0.882578054902895,6.511181890525119,Dropout
717,0.7295092931464133,7.72958978739503,Dropout
718,0.9113008932778437,6.355244833253442,Dropout
719,0.9195,5.529733044822361,Dropout
720,0.9008552632252435,6.287907899213273,Dropout
721,0.9195,5.697691677613664,Dropout
722,0.7780023318916909,7.5235880033304765,No dropout
723,0.791337660725751,6.099560541900433,Dropout
724,0.7698972716648687,6.6785208475565865,Dropout
725,0.9157324649947003,7.93,Dropout
726,0.7957773046401362,5.816162188530336,Dropout
727,0.7466981387070265,7.145161737064321,Dropout
728,0.8889006082904404,7.021591517449432,Dropout
729,0.7821778306528386,6.290273246877903,Dropout
730,0.7105,6.862328735427533,Dropout
731,0.761751609508274,6.582234752204778,Dropout
732,0.8616302354375716,5.617494180946378,No dropout
733,0.7105,5.728804435644963,Dropout
734,0.8950361103380208,6.707500616630599,Dropout
735,0.8996572669767049,6.561018197604649,Dropout
736,0.8880027688266191,5.419318425705244,Dropout
737,0.8436912387083806,5.687407099058404,No dropout
738,0.7471524321015814,6.474252760798505,Dropout
739,0.8696121061703532,5.457940835128129,Dropout
740,0.7518359918531318,5.07,Dropout
741,0.8666351712929183,5.68679689939901,Dropout
742,0.7775357682675309,6.5426940808127165,Dropout
743,0.7934268496293898,6.281674678782862,Dropout
744,0.7360620416545922,7.063936836261972,Dropout
745,0.7996217406396166,7.638230315632928,Dropout
746,0.7105,5.07,Dropout
747,0.7722206180264681,5.770375825024172,Dropout
748,0.9138741709479161,5.07,Dropout
749,0.8963183403523293,7.080668507618699,Dropout
750,0.7314945319094646,5.365510209982769,No dropout
751,0.9195,5.1576602587670575,Dropout
752,0.8321074950413915,5.6733910395283695,Dropout
753,0.7105,7.178312883779486,Dropout
754,0.8531398262342091,6.0576469144373135,Dropout
755,0.7943912422505164,6.220970245593961,Dropout
756,0.7707610992745034,5.837304483121441,Dropout
757,0.7281742637233161,7.604858635034723,Dropout
758,0.7105,7.375893057741314,Dropout
759,0.8400512794616296,6.415878988183561,Dropout
760,0.9085915994328438,6.743679402918071,Dropout
761,0.7475717831570321,6.927768343407793,Dropout
762,0.7272800872368832,7.93,Dropout
763,0.8328574818217235,5.07,Dropout
764,0.7993570292226253,7.1765279438518155,Dropout
765,0.8195672453603509,5.967133619941964,Dropout
766,0.9195,6.8460547360822375,Dropout
767,0.7105,7.350967395324236,No dropout
768,0.7105,7.93,Dropout
769,0.8438511389655567,6.0343810269576394,Dropout
770,0.8130045365714519,6.530352604222433,No dropout
771,0.9195,7.93,Dropout
772,0.7310801164938305,5.630202467382635,Dropout
773,0.9195,6.103788617690303,Dropout
774,0.8302864002864738,6.26538133085912,Dropout
775,0.7105,5.07,Dropout
776,0.9195,7.93,Dropout
777,0.8819839690186163,6.136250484825152,No dropout
778,0.7105,6.551104717146857,Dropout
779,0.7772681252598362,7.432169086057843,Dropout
780,0.9195,5.318705219055964,Dropout
781,0.7867779148218196,5.07,Dropout
782,0.8873138087208443,7.8831580112969135,Dropout
783,0.9195,6.208206454381353,Dropout
784,0.8999163085411664,7.332491470087444,Dropout
785,0.8461905771379874,6.7005205272851445,Dropout
786,0.782004421891248,6.208196829693267,Dropout
787,0.8349333090245448,7.169257715775549,Dropout
788,0.814233679149535,6.320364529276102,Dropout
789,0.7105,5.220043440549351,Dropout
790,0.7426524559770177,5.7691774223555266,Dropout
791,0.871257901863433,7.65488574892646,Dropout
792,0.8540216381687918,5.819232250929166,No dropout
793,0.804078020746756,6.120257339710922,Dropout
794,0.7905846418474975,6.198254587060946,Dropout
795,0.7519947895476873,5.960859510402281,No dropout
796,0.9020937076792261,5.07,Dropout
797,0.8562787063782833,5.97916293143387,Dropout
798,0.8910620431902151,6.849674674978891,Dropout
799,0.7105,5.359687902732965,Dropout
800,0.8868913931066842,7.340993415354539,No dropout
801,0.7105,6.303612785303593,Dropout
802,0.915719081625146,5.07,No dropout
803,0.7728386691993301,7.93,Dropout
804,0.8273605560713668,7.93,Dropout
805,0.9195,7.155861850831563,No dropout
806,0.7633831801638172,5.163694360955657,Dropout
807,0.8543354493735829,7.24277827792212,Dropout
808,0.9164288937516801,6.23285250453236,Dropout
809,0.8468280586065294,6.15252789220847,No dropout
810,0.7854782229746992,7.93,No dropout
811,0.7527675585259976,5.9462176226824415,Dropout
812,0.849802881036652,7.817101796609842,Dropout
813,0.8402096199048229,5.6680408696205244,Dropout
814,0.9043326429165148,5.3226855195126275,Dropout
815,0.8447080773446562,6.7017269799563435,Dropout
816,0.723856206544695,7.249676033487008,Dropout
817,0.7465182044973084,6.66833241452485,No dropout
818,0.7474936505528104,6.803029844773304,Dropout
819,0.9195,6.8380900822532436,Dropout
820,0.875809881519632,5.9238551921134786,Dropout
821,0.9195,7.493811499900863,Dropout
822,0.7945767137948335,6.532364535948363,Dropout
823,0.7253251941856685,5.455355824896045,Dropout
824,0.7821470718232709,6.75162529195777,Dropout
825,0.7864543540512998,5.635138356021175,Dropout
826,0.9195,6.433240697176381,Dropout
827,0.7360440620887914,6.984108424844642,Dropout
828,0.8229197897082402,6.160703664252967,No dropout
829,0.7105,5.82455318530941,Dropout
830,0.8555091869356786,7.785637834514594,Dropout
831,0.7710166721542031,5.813061487178334,Dropout
832,0.7768807376657654,7.001141847862835,Dropout
833,0.7105,5.07,Dropout
834,0.8242090595076759,6.300121590268694,No dropout
835,0.8917619891597939,6.356268791542286,Dropout
836,0.8139062306063417,6.873844724313002,Dropout
837,0.7105,7.23390993512459,No dropout
838,0.9195,6.839750499063103,No dropout
839,0.7824316796280859,6.265452223768474,Dropout
840,0.9195,6.997914492836449,Dropout
841,0.8508567453171282,6.687167642847364,Dropout
842,0.8757277477738179,7.744689816151844,Dropout
843,0.8002789369428418,6.960551226790411,Dropout
844,0.7641734232277814,7.2063654539247715,Dropout
845,0.8963154306771575,5.07,No dropout
846,0.9195,5.628323625731504,Dropout
847,0.8389598199818354,5.07,Dropout
848,0.9195,5.07,Dropout
849,0.9195,5.659064804591854,Dropout
850,0.7768517635300661,6.559724596686838,Dropout
851,0.7704788945879035,5.79854365154894,Dropout
852,0.7728551918181259,6.921281553845685,Dropout
853,0.7105,5.931791609689267,Dropout
854,0.9014618482078326,5.07,Dropout
855,0.8462074941164558,6.604299569927846,Dropout
856,0.9195,6.321203664328342,No dropout
857,0.8703815765403099,5.268431293931783,Dropout
858,0.8515583362820309,5.576443257121863,Dropout
859,0.8798288063191639,5.558142937283055,Dropout
860,0.7891203378144241,6.660459097372118,Dropout
861,0.9195,6.8493929805117695,Dropout
862,0.8997315795002794,5.989011347791489,Dropout
863,0.8589878210459287,5.8154860806473065,Dropout
864,0.8191217334346437,6.427956343483419,Dropout
865,0.833812695378175,7.611247373686108,Dropout
866,0.8154131929985929,5.07,Dropout
867,0.9195,6.548931563922183,No dropout
868,0.7978640554734195,7.39966773170353,Dropout
869,0.805427125186481,6.279344414831333,Dropout
870,0.9195,5.639580347248176,Dropout
871,0.7105,5.6194561363496245,Dropout
872,0.7999099526302824,5.413238049542357,Dropout
873,0.7105,6.560411862397887,Dropout
874,0.836500214617216,6.53270154885735,Dropout
875,0.9055772109412377,5.07,Dropout
876,0.7105,5.707801177527985,Dropout
877,0.806451364331435,5.366074396974444,Dropout
878,0.8822964344818334,6.857014218222327,Dropout
879,0.7246270214413046,6.738773110810356,No dropout
880,0.8434229086430285,6.111790129011089,Dropout
881,0.7933317439010088,6.3944727300216275,Dropout
882,0.7346883516950835,5.07,Dropout
883,0.865588315967055,6.254966932141559,Dropout
884,0.842162344288924,7.93,No dropout
885,0.8384803515372945,7.659868932435068,Dropout
886,0.8436936154126016,6.613677690430636,Dropout
887,0.7105,5.679108723604676,Dropout
888,0.7485392918988099,7.258752078303655,Dropout
889,0.8235809862499263,7.481889619710093,Dropout
890,0.7105,7.127774608502201,Dropout
891,0.8362162068151966,6.323034638561082,Dropout
892,0.7570710905741975,5.495379663091336,Dropout
893,0.8524721845308723,7.431264265651135,Dropout
894,0.8759030716255491,6.077929276308868,Dropout
895,0.9195,6.9552830051825225,No dropout
896,0.8310109729533353,5.466344532177224,Dropout
897,0.8652409080113188,5.88738875312292,Dropout
898,0.9111181832013332,5.917998198636767,Dropout
899,0.8062045790515311,7.273035566127837,Dropout
900,0.7105,5.960175987084682,No dropout
901,0.7976627532925554,6.826703195743277,Dropout
902,0.7594636650156101,7.288247514397891,Dropout
903,0.8805329831014403,6.236409437022004,Dropout
904,0.9047544789836819,6.682830127563383,Dropout
905,0.8230005665203514,5.07,Dropout
906,0.8875327732891573,5.550101243109152,Dropout
907,0.9075785784624439,7.29860135548178,No dropout
908,0.9195,6.029893358082318,Dropout
909,0.9141244418804251,5.07,Dropout
910,0.8231152209663171,7.93,Dropout
911,0.7527355505661006,6.649668057609003,Dropout
912,0.9195,6.837287225869079,Dropout
913,0.9195,6.879228241081415,Dropout
914,0.8819615522048972,6.409821393685232,Dropout
915,0.7974431199019344,5.983957695873362,Dropout
916,0.9161560641954243,5.094237093327793,Dropout
917,0.7548742605590979,7.93,Dropout
918,0.8389205156981601,6.374381011601354,Dropout
919,0.7105,5.301893226978711,Dropout
920,0.7758518844969675,5.07,Dropout
921,0.8295072299270858,6.77312509110529,Dropout
922,0.7682905945219292,5.208385424593699,Dropout
923,0.7622212872338109,6.515025848604508,Dropout
924,0.8180944868506406,5.936152074594131,Dropout
925,0.7266215508677192,7.015402259814833,Dropout
926,0.9195,6.866030397591277,No dropout
927,0.8208946760593447,5.893838252538982,Dropout
928,0.8620506153313697,5.49043507085395,Dropout
929,0.9107082220173686,6.300473672476823,Dropout
930,0.817029069832607,7.93,No dropout
931,0.9080632829157635,5.106267099893506,Dropout
932,0.8792087321568628,7.928844929489037,Dropout
933,0.8620821873922644,5.868124409683861,Dropout
934,0.8340814234410339,7.627988229662706,Dropout
935,0.9180463617579431,6.173697680541779,Dropout
936,0.7105,6.839490990512065,Dropout
937,0.7536798234562146,5.393980581507705,No dropout
938,0.7913767909818217,6.26122226958501,Dropout
939,0.840301062716604,7.93,Dropout
940,0.9195,5.847861198017973,Dropout
941,0.7559159684157556,6.512155834607567,No dropout
942,0.7741013151322267,6.758173903878852,Dropout
943,0.7381069208784119,7.486570460823733,Dropout
944,0.7714760550056261,5.07,Dropout
945,0.8585900924919345,6.478332347727698,Dropout
946,0.7105,6.014359791933952,Dropout
947,0.7506480306796941,5.07,No dropout
948,0.7873754207351042,5.700870920044715,Dropout
949,0.8424285739853027,6.42264414668845,Dropout
950,0.7957091339844973,5.07,No dropout
951,0.7489727246466266,5.785597091240405,Dropout
952,0.8104989799227901,5.945790179294211,Dropout
953,0.7105,6.959301033002705,Dropout
954,0.7545192092228482,7.37123086013389,Dropout
955,0.7268352246474399,6.846480390288263,No dropout
956,0.7812303649174938,5.07,Dropout
957,0.7105,6.720667050447187,Dropout
958,0.7105,5.07,Dropout
959,0.9195,6.449292922080563,Dropout
960,0.7721217514003063,6.903405931697738,Dropout
961,0.7254579067784522,5.736582816819769,Dropout
962,0.8265012129128141,5.806633339868441,Dropout
963,0.7105,7.93,No dropout
964,0.7105,6.273077052367515,Dropout
965,0.7512790279028343,6.3746132536359585,Dropout
966,0.7988424254772764,5.437976187638566,Dropout
967,0.752358263220471,6.193559121606169,Dropout
968,0.7432831978408032,5.07,Dropout
969,0.7849753858389502,5.643098669666906,Dropout
970,0.7924206615535895,5.648646450309304,Dropout
971,0.9036819859116826,7.419609727518109,Dropout
972,0.9195,7.93,Dropout
973,0.9195,6.14086828069376,Dropout
974,0.7724927864807034,5.9628185934419555,Dropout
975,0.787643071455431,5.245272516059446,Dropout
976,0.8940672739574681,5.522847634951922,No dropout
977,0.7721243757010418,7.374746735438325,Dropout
978,0.7105,5.918975681005934,Dropout
979,0.9195,7.888832755858786,Dropout
980,0.8333875256098037,5.07,Dropout
981,0.7851886347295833,5.07,Dropout
982,0.7703853909710583,5.07,Dropout
983,0.847297696080361,6.52300846660141,Dropout
984,0.7569229630453981,5.477600448246703,No dropout
985,0.7433158836408491,6.751851715316514,Dropout
986,0.875885746765937,6.361305813098488,Dropout
987,0.7992618135043758,6.114032704803561,Dropout
988,0.7457004799598028,6.992119724203252,Dropout
989,0.9195,5.563415047732892,Dropout
990,0.8228494502300744,5.07,Dropout
991,0.7365285314600687,7.903421694847159,No dropout
992,0.8476800924092892,6.350339493477187,Dropout
993,0.8170795648925524,6.311214902198866,Dropout
994,0.8284748224164508,7.93,Dropout
995,0.7322217225480063,5.07,No dropout
996,0.8981780171436095,5.07,Dropout
997,0.7105,5.336834143654651,Dropout
998,0.7647580320923721,7.12649786147141,Dropout
999,0.9195,5.671456278641925,Dropout
1000,0.7121480774648197,7.197845816062837,Dropout
1001,0.7870131126558431,7.93,Dropout
1002,0.9195,7.93,Dropout
1003,0.8095187052329721,5.63799268519783,Dropout
1004,0.8267939975996453,6.124728551617374,Dropout
1005,0.7580325687702482,6.352646461021885,Dropout
1006,0.8241486202081557,5.07,Dropout
1007,0.7105,7.757391233023849,No dropout
1008,0.9078774291954738,5.680253957527326,Dropout
1009,0.9195,6.12602984508564,No dropout
1010,0.8893187934041085,7.93,Dropout
1011,0.7855051102811826,6.272905935924102,Dropout
1012,0.749609132132199,6.447997907696891,Dropout
1013,0.8952076605180923,6.340929707297518,Dropout
1014,0.7422270682903058,5.07,Dropout
1015,0.7332744788173757,7.93,Dropout
1016,0.7810017119061174,6.925262853889591,Dropout
1017,0.9014422298261302,6.277213808793055,Dropout
1018,0.8126319423190229,6.076665949807427,Dropout
1019,0.7885668680793388,5.839596736093788,Dropout
1020,0.8765414616156668,6.447833730391608,Dropout
1021,0.7440462758957137,6.946659672033174,Dropout
1022,0.9195,7.93,Dropout
1023,0.8401021430966285,5.07,Dropout
1024,0.9195,7.82593545327728,Dropout
1025,0.8096600697146273,7.265020902734156,Dropout
1026,0.7860066044861328,7.157723181565219,Dropout
1027,0.9195,6.7123144096341525,Dropout
1028,0.9119340352128609,5.07,No dropout
1029,0.8119435172277372,5.07,Dropout
1030,0.7744502255587938,6.93556815234668,Dropout
1031,0.7216837969270306,5.241567538480269,Dropout
1032,0.9102013605309422,7.084149629822459,Dropout
1033,0.9195,5.94355195428669,Dropout
1034,0.8092294669290501,6.08609147216758,Dropout
1035,0.9195,7.15765912663431,Dropout
1036,0.7156948664650843,5.678270562431519,Dropout
1037,0.8055231716657337,7.8322584563545465,Dropout
1038,0.7208216910876771,5.82629403625138,Dropout
1039,0.8373289248525655,6.149112674837833,Dropout
1040,0.8192585545831322,5.07,Dropout
1041,0.9195,6.654080216079817,Dropout
1042,0.7105,7.348718195822524,Dropout
1043,0.9195,5.091113825670946,Dropout
1044,0.8196090337024448,5.877177130836501,Dropout
1045,0.9095946515361029,6.11120636309976,Dropout
1046,0.7959965858171899,7.215557792873569,Dropout
1047,0.9195,7.93,Dropout
1048,0.7906188326462248,7.903881952123878,Dropout
1049,0.7300328238035695,6.142378741828506,Dropout
1050,0.9195,7.018607832093284,Dropout
1051,0.8810396623886381,5.647793622176461,No dropout
1052,0.8907368155112072,7.93,Dropout
1053,0.9195,5.54141867483385,Dropout
1054,0.8243209356284171,6.0071798603108215,Dropout
1055,0.7135543782016254,6.418734270680848,Dropout
1056,0.8800230964127451,7.686767831295796,Dropout
1057,0.788652191620219,6.874634012742967,Dropout
1058,0.8827456284843342,6.22364237827819,Dropout
1059,0.8573658202395548,5.4476312703875065,Dropout
1060,0.8027556943239605,6.312017554489006,Dropout
1061,0.8304302070211201,5.309146647953695,Dropout
1062,0.721047981928279,5.659503369620765,Dropout
1063,0.7833433386666679,6.228605833508428,Dropout
1064,0.7105,5.07,Dropout
1065,0.7846406149266061,5.07,Dropout
1066,0.8474680094507648,5.07,Dropout
1067,0.779588439094171,5.194371612878536,Dropout
1068,0.747194480552662,7.93,Dropout
1069,0.7105,5.66750152995217,Dropout
1070,0.9195,5.07,Dropout
1071,0.7696784726050104,5.6241047984391415,Dropout
1072,0.9195,6.922616847197066,Dropout
1073,0.8618310627222244,5.468284218118428,Dropout
1074,0.7105,6.593578043539458,Dropout
1075,0.7991330697519655,6.411610039863205,Dropout
1076,0.7662005547626518,6.980324604656235,Dropout
1077,0.9195,6.194941670409498,Dropout
1078,0.736188749087072,5.07,Dropout
1079,0.7941802102731937,5.88260837810776,Dropout
1080,0.7997534357334203,6.647889844749383,Dropout
1081,0.7725391042971667,5.07,Dropout
1082,0.826574972355748,7.757038321765714,Dropout
1083,0.8363610925900075,7.529885616433318,Dropout
1084,0.8222093641555877,7.93,Dropout
1085,0.8505088178916496,6.166535282770225,Dropout
1086,0.8805809659818559,7.540038428351637,Dropout
1087,0.9064333981085244,6.4978400350357095,Dropout
1088,0.9195,7.666117116787676,Dropout
1089,0.7615578879228101,6.0554819365694454,Dropout
1090,0.784921281314525,7.286058670028181,Dropout
1091,0.9099667558775667,5.583834764334652,Dropout
1092,0.9195,5.849627552450444,Dropout
1093,0.9195,7.93,Dropout
1094,0.9113697623510948,6.548545843552291,Dropout
1095,0.7817967473966202,6.628481976775795,Dropout
1096,0.7801550961456336,6.023152618681084,Dropout
1097,0.9195,6.852490153208413,Dropout
1098,0.8532955635983579,6.644511708396733,Dropout
1099,0.7749644200680239,6.430286048299335,Dropout
1100,0.8094046797179367,7.93,Dropout
1101,0.9195,5.07,Dropout
1102,0.821121845934504,5.07,Dropout
1103,0.763445330027952,5.07,Dropout
1104,0.7758633867284088,5.07,Dropout
1105,0.7223120811121039,7.029012034196783,Dropout
1106,0.8022713220413794,7.013526154354154,Dropout
1107,0.7981237621130611,5.07,Dropout
1108,0.7781471479544344,6.184080828777747,Dropout
1109,0.7711744814708362,6.127852859791009,Dropout
1110,0.9195,5.07,Dropout
1111,0.8740421567848806,6.424143621282102,Dropout
1112,0.7208830469486021,7.298208228228672,Dropout
1113,0.817660267258445,5.07,Dropout
1114,0.9195,6.138995843313671,Dropout
1115,0.9099268273478807,7.93,Dropout
1116,0.8120111579530586,6.446910845953136,Dropout
1117,0.8141046878439626,5.07,Dropout
1118,0.8281617320341718,5.940780690662089,Dropout
1119,0.7847761050617449,6.844880792172577,Dropout
1120,0.8152597586527778,7.3527929029127055,Dropout
1121,0.7828107691131483,6.871611597979807,Dropout
1122,0.7323042088624755,7.305424112935844,No dropout
1123,0.8277568870043147,6.870041933385134,Dropout
1124,0.7105,6.230640538677635,Dropout
1125,0.7669349187350872,5.356051599137448,Dropout
1126,0.8941583354734957,7.583553919269542,Dropout
1127,0.9137804936696198,5.239011597499361,Dropout
1128,0.8990364891066821,6.719938685993345,Dropout
1129,0.7857797859293336,7.93,Dropout
1130,0.7534245790416161,7.93,Dropout
1131,0.8937058554828925,7.93,Dropout
1132,0.7105,5.949476151229791,Dropout
1133,0.7135190243705336,5.603250080817742,Dropout
1134,0.802558591073347,6.511080186804945,Dropout
1135,0.7697532456016616,5.07,Dropout
1136,0.8453965135328315,6.967047935630533,Dropout
1137,0.9195,5.728081982907568,Dropout
1138,0.7162752517857426,6.953310127514364,Dropout
1139,0.909693549972338,5.737040534301547,Dropout
1140,0.8566520574521964,7.6444813668931655,No dropout
1141,0.9195,6.978328743806865,Dropout
1142,0.744200711001044,5.340787263836988,Dropout
1143,0.7427840374874292,7.93,Dropout
1144,0.7105,7.483833838103036,No dropout
1145,0.8380247545743771,6.506048376821349,No dropout
1146,0.7254249527855475,7.93,Dropout
1147,0.7885392196577488,7.702614405664873,Dropout
1148,0.9155061686302823,5.957027729164182,Dropout
1149,0.9195,7.667060586791855,No dropout
1150,0.752214787642945,6.8946750579451646,Dropout
1151,0.7193467644857727,5.07,Dropout
1152,0.819390965516087,6.79728266716551,Dropout
1153,0.8906579317127765,6.176630367336985,Dropout
1154,0.9195,7.679016141872506,Dropout
1155,0.8266245002750847,7.342564907354007,Dropout
1156,0.8616208356852765,6.853925026367667,Dropout
1157,0.8372943714187694,5.07,Dropout
1158,0.8589171892588483,6.058716744623501,Dropout
1159,0.8645275397762684,5.07,Dropout
1160,0.7617707001675296,6.725990596794299,Dropout
1161,0.7384131578773997,5.07,Dropout
1162,0.8982817795615897,7.900248183908469,Dropout
1163,0.7655062661969284,7.552352139511973,Dropout
1164,0.7448416065783028,7.220704330487987,Dropout
1165,0.7105,5.251019298834727,Dropout
1166,0.7978124462287092,5.730424354258992,No dropout
1167,0.7823629533961651,6.122670026920114,Dropout
1168,0.9195,6.607176630226348,Dropout
1169,0.8916312304671059,5.07,Dropout
1170,0.8068227816875653,7.93,Dropout
1171,0.8508484046820989,6.901669088908232,Dropout
1172,0.8242411874607781,5.07,Dropout
1173,0.7621489434101084,5.191132748670089,Dropout
1174,0.822280840627613,5.467647411686744,Dropout
1175,0.845893826321486,6.829623492042421,No dropout
1176,0.7837290404715772,7.93,Dropout
1177,0.7989488700875865,5.527869372673977,Dropout
1178,0.8194247309008996,6.296169469207715,Dropout
1179,0.8391403366231415,5.07,Dropout
1180,0.8077883941617174,5.544733315523871,Dropout
1181,0.9194807483556401,5.291645002511597,Dropout
1182,0.8847075265623093,5.2427971016116395,Dropout
1183,0.8217956469433209,6.8669986713359314,Dropout
1184,0.8296382789883315,5.07,Dropout
1185,0.8192171789973074,5.1869342552758715,Dropout
1186,0.9195,6.665811720900719,Dropout
1187,0.9195,6.492821113885823,No dropout
1188,0.7737270972894886,7.245911880667892,Dropout
1189,0.8834690695950969,7.462346365284043,Dropout
1190,0.9195,5.758217132215535,Dropout
1191,0.8696840471877528,6.560505206482443,Dropout
1192,0.8542182598210879,5.07,Dropout
1193,0.8114851774040289,5.07,Dropout
1194,0.8231164908118122,6.631458708343143,Dropout
1195,0.8633010089203009,5.07,Dropout
1196,0.9195,7.0833644081009055,No dropout
1197,0.7915301808328381,5.2662067978748635,Dropout
1198,0.842521652864337,5.07,No dropout
1199,0.8891310161600345,6.631651759696814,Dropout
1200,0.7105,7.764600995223299,Dropout
1201,0.8464432808119994,6.128333774144745,Dropout
1202,0.9195,5.07,Dropout
1203,0.9195,7.062012655204956,Dropout
1204,0.9195,7.93,No dropout
1205,0.8842450807435843,6.533429111577978,Dropout
1206,0.863157408173081,7.93,Dropout
1207,0.830178725992477,7.340841304790371,Dropout
1208,0.8171868209034003,6.9044940193834625,Dropout
1209,0.7884197890438206,5.3525456082557685,Dropout
1210,0.9195,7.93,Dropout
1211,0.8391668950747238,6.244066011636368,Dropout
1212,0.7105,5.908175138977558,Dropout
1213,0.8472199571178,5.07,Dropout
1214,0.7186310346392393,6.885854262920511,Dropout
1215,0.8993456425802475,5.9189085057995445,Dropout
1216,0.9105479121811871,6.089589616993666,Dropout
1217,0.7105,6.242447771526899,No dropout
1218,0.8676625716851025,5.565456780797258,Dropout
1219,0.803555592335562,5.07,Dropout
1220,0.9195,5.07,Dropout
1221,0.9195,6.865031809798925,Dropout
1222,0.7923369112097168,5.718074676135073,Dropout
1223,0.8480127582466632,7.796122020213587,Dropout
1224,0.8707686527569278,7.93,Dropout
1225,0.797016143653065,6.958526614589117,No dropout
1226,0.8845563973334769,6.3190033241300165,Dropout
1227,0.8226643449039379,5.891554142151367,Dropout
1228,0.7741248935413688,5.492218281466758,Dropout
1229,0.8751166326618304,5.791213146620267,No dropout
1230,0.8848831660331106,5.07,Dropout
1231,0.7906175248682089,6.773852364869231,Dropout
1232,0.7842557983679428,5.356778613537629,Dropout
1233,0.9100127688696582,7.139929323604641,Dropout
1234,0.8137387060705692,7.183177345375512,Dropout
1235,0.9195,5.8281260718580405,Dropout
1236,0.7915477000300226,5.07,Dropout
1237,0.7105,7.182052285417151,Dropout
1238,0.8524551785937984,5.672075804409683,Dropout
1239,0.7889945216921965,7.797284061897383,Dropout
1240,0.8971382041910868,7.518724874072223,Dropout
1241,0.8285874586621089,6.144499923071995,Dropout
1242,0.9099065373013643,7.13239926576941,Dropout
1243,0.7426780952558305,7.3187928170596495,Dropout
1244,0.8066850361196376,6.99190294700747,Dropout
1245,0.7667727499409079,6.09988674005319,Dropout
1246,0.8752718113598896,5.921305451335131,No dropout
1247,0.842918005297406,5.870057645884016,Dropout
1248,0.8394850505732501,7.007722461636522,Dropout
1249,0.8292210084913828,7.756874070919743,Dropout
1250,0.7890085491770409,7.852809318634684,Dropout
1251,0.7105,5.07,Dropout
1252,0.8691109532970288,5.604770108445032,Dropout
1253,0.8701674937122365,5.13136300991299,Dropout
1254,0.8519067014589449,5.07,Dropout
1255,0.8276660818832514,7.192596450208579,Dropout
1256,0.8065050432200058,6.240078975318975,Dropout
1257,0.8332856426914943,7.184325286616276,Dropout
1258,0.7836669842387599,5.07,Dropout
1259,0.7363899506731346,7.0262547522274525,Dropout
1260,0.8260083196026755,6.736953692949213,Dropout
1261,0.7975104112721936,5.07,Dropout
1262,0.7873616698120369,5.07,Dropout
1263,0.7970753371923167,5.07,Dropout
1264,0.8832990197061061,7.262338777365791,No dropout
1265,0.9159275227156565,5.525485896047789,Dropout
1266,0.8911969865094127,6.4728037957406155,Dropout
1267,0.7963153869843917,6.349547602279914,Dropout
1268,0.9195,7.427699191523033,Dropout
1269,0.794813613792319,7.810289907986114,Dropout
1270,0.7105,6.70296779572443,Dropout
1271,0.9195,7.272658401918691,Dropout
1272,0.8023081055860194,6.347544212315399,Dropout
1273,0.746549937982476,7.647606561835309,Dropout
1274,0.7105,5.775080818649289,Dropout
1275,0.8801610012895864,7.358074501290073,Dropout
1276,0.8127182066082375,5.390171673556759,Dropout
1277,0.8647668749081541,6.891697699297263,No dropout
1278,0.9195,5.07,Dropout
1279,0.8030007922098066,6.699760563549435,Dropout
1280,0.7587774273654502,6.171892303423434,Dropout
1281,0.8607888167886873,6.848293939867723,Dropout
1282,0.8520022242759054,5.95145680700724,Dropout
1283,0.9195,6.058056962487554,Dropout
1284,0.8415805362808877,7.93,Dropout
1285,0.8129513668165962,5.677283845085985,Dropout
1286,0.9039384757739682,7.93,Dropout
1287,0.7229582436554656,7.926249819641097,Dropout
1288,0.720773220355589,6.63224818498136,Dropout
1289,0.9195,6.06735406794058,Dropout
1290,0.7724140772965282,7.87099477569211,No dropout
1291,0.7901299587740732,5.907863987655659,Dropout
1292,0.8031299120821846,5.07,Dropout
1293,0.8166893615813732,6.606906185057947,Dropout
1294,0.7170790276397976,6.451221126620799,Dropout
1295,0.7105,5.373486179376934,Dropout
1296,0.7258252728050784,6.141685398733189,Dropout
1297,0.7809525574284143,5.07,No dropout
1298,0.8615873647481942,5.07,Dropout
1299,0.8018370611237369,6.7550667692159125,Dropout
1300,0.8886392761551645,5.757703624721832,Dropout
1301,0.7321528582750939,6.5873109364644975,Dropout
1302,0.812045421113412,6.351616337413196,Dropout
1303,0.9195,6.848088399511037,No dropout
1304,0.7545859340217029,6.151039869452182,Dropout
1305,0.8611601445656842,6.522235124831265,Dropout
1306,0.8889086164872673,7.631782658573451,Dropout
1307,0.9121432863605994,7.797602946798355,Dropout
1308,0.7621025479887067,7.93,Dropout
1309,0.7802339070907023,7.93,Dropout
1310,0.7426652827318313,5.07,Dropout
1311,0.8804290909647773,5.07,No dropout
1312,0.8619988952125954,6.557957106628244,No dropout
1313,0.830981229490002,6.5417541083774235,Dropout
1314,0.7168289548235789,7.53123648052366,Dropout
1315,0.7687446110915976,7.93,No dropout
1316,0.7843359589056498,5.9749644999718505,Dropout
1317,0.8152261638895566,5.5909560665532805,Dropout
1318,0.9195,6.201935587197547,Dropout
1319,0.8386735482825372,5.819705580507314,Dropout
1320,0.7995854195738564,5.989631066904436,Dropout
1321,0.9195,6.477388181570323,Dropout
1322,0.9195,7.399243598060885,Dropout
1323,0.8725643462232828,6.65407356755194,Dropout
1324,0.8799501782631882,6.73105931590375,Dropout
1325,0.7105,7.337327786711445,Dropout
1326,0.7105,5.539533832338991,No dropout
1327,0.9195,7.565519467288545,Dropout
1328,0.7857871557994793,6.617061042012731,Dropout
1329,0.8155204375495637,5.07,Dropout
1330,0.9195,7.4434332289382965,Dropout
1331,0.8258076790595356,5.07,Dropout
1332,0.86762382855777,7.028728839423316,No dropout
1333,0.8314106061165714,6.0445616663501145,Dropout
1334,0.7465457325595113,5.6679673463627775,Dropout
1335,0.8330363407712963,6.351032862287915,Dropout
1336,0.863759780182278,5.63864767802034,Dropout
1337,0.7579870686593988,6.580292339831805,Dropout
1338,0.8506339754783417,5.07,Dropout
1339,0.7105,6.731261696862389,Dropout
1340,0.8177147014515924,5.07,Dropout
1341,0.7751333344828135,5.07,Dropout
1342,0.7105,5.754800548199822,Dropout
1343,0.8692416744066497,6.928634171945884,Dropout
1344,0.9137397617388974,6.973803602582733,No dropout
1345,0.7466250849316833,6.376412387118231,Dropout
1346,0.8059842298338983,5.07,Dropout
1347,0.8757997511680773,7.730016169066124,Dropout
1348,0.7808243495800993,6.328376633135125,Dropout
1349,0.8216788529859205,6.3823481941928035,Dropout
1350,0.8684739054235374,6.186034226676026,No dropout
1351,0.87627212415296,6.29102456280216,Dropout
1352,0.7804784991340363,6.831649592859952,Dropout
1353,0.9195,5.9370396997340995,No dropout
1354,0.9195,6.106651320766598,Dropout
1355,0.7937111460272288,6.575201678738875,Dropout
1356,0.8400319752560055,6.60531592141099,No dropout
1357,0.9137083438412947,7.054496685318121,Dropout
1358,0.8556824941162887,5.5074319372582385,Dropout
1359,0.8061060769851102,7.119083902057188,Dropout
1360,0.9195,5.870574032262187,Dropout
1361,0.8439311024649223,5.379403664397769,Dropout
1362,0.7160824176720407,5.07,Dropout
1363,0.9195,5.07,Dropout
1364,0.7639806741290355,6.4247585232010564,Dropout
1365,0.9195,5.921315518167957,Dropout
1366,0.9195,6.7225499635076025,Dropout
1367,0.8228764927304025,6.7695313911197275,Dropout
1368,0.9030413530615996,7.93,Dropout
1369,0.9058274676536145,5.9955945145439955,Dropout
1370,0.7185979714502408,6.704230615750117,Dropout
1371,0.9195,7.836930131076394,Dropout
1372,0.7583589043998107,5.932940317481382,Dropout
1373,0.7635891648873824,7.93,Dropout
1374,0.9195,5.783019148834892,No dropout
1375,0.7105,5.429681802176613,Dropout
1376,0.9195,6.409372929556813,Dropout
1377,0.7627081225212324,7.279326285368528,Dropout
1378,0.9195,5.455627658041288,Dropout
1379,0.840235330467392,7.082085807817739,Dropout
1380,0.7902240635681854,7.584129415022875,Dropout
1381,0.8290683550861252,6.102052837351809,Dropout
1382,0.7938937657039288,7.550072558472564,Dropout
1383,0.8771572901891836,7.93,Dropout
1384,0.9195,5.5522199729961805,Dropout
1385,0.8969221729589021,5.6661544201713525,Dropout
1386,0.7654008084863216,5.07,Dropout
1387,0.8931906498044329,5.07,Dropout
1388,0.7105,6.017013638426531,Dropout
1389,0.8161861232589656,6.564863977801054,Dropout
1390,0.756611289097952,7.886703339431217,Dropout
1391,0.7117690598192878,7.93,Dropout
1392,0.8009423313001767,6.689161775485294,No dropout
1393,0.7105,7.3057557106320274,Dropout
1394,0.8277055524072224,7.93,Dropout
1395,0.7396889456685958,6.538593095599989,Dropout
1396,0.8316948277415394,6.941352874283911,Dropout
1397,0.9195,7.38543398260539,No dropout
1398,0.7314842936862088,6.691039533419966,Dropout
1399,0.8581840890215384,6.691344003579966,Dropout
1400,0.8992734324185933,6.725621991645753,Dropout
1401,0.7506266736686374,5.259862526952044,No dropout
1402,0.9195,5.894848538296439,Dropout
1403,0.728467022931785,6.300773328806132,Dropout
1404,0.7355612204878497,6.798594127112784,Dropout
1405,0.9195,6.795662279472019,Dropout
1406,0.7488467150924772,5.4461764023385495,Dropout
1407,0.7907756212358632,6.754844595249706,Dropout
1408,0.9005338670550569,5.07,Dropout
1409,0.8355847044792888,6.104723500442418,Dropout
1410,0.8864804645002147,5.698477862122131,Dropout
1411,0.8461285686504825,5.65132604908761,Dropout
1412,0.7782635921911205,6.316941301334932,Dropout
1413,0.775888174561142,6.75250073262492,Dropout
1414,0.815834381546853,6.796508445533556,Dropout
1415,0.8755529477437077,5.673497928276599,Dropout
1416,0.7460930083447882,7.93,Dropout
1417,0.9148737791245571,6.527699591449674,Dropout
1418,0.7560526231669958,5.363209478779677,No dropout
1419,0.8402425550964017,6.128264280797034,Dropout
1420,0.8223162839270481,6.810267020916272,Dropout
1421,0.8457239123577897,6.233229967884296,Dropout
1422,0.9195,5.338826118510386,Dropout
1423,0.8391235909017201,7.672972467371224,Dropout
1424,0.7867575673462852,7.330313385686585,No dropout
1425,0.7105,7.93,Dropout
1426,0.7105,7.199789082994465,Dropout
1427,0.8388761541077635,6.816319054105914,Dropout
1428,0.8107670878929979,7.0906350662059365,Dropout
1429,0.7459279557574563,6.403283841379913,Dropout
1430,0.833448636391473,5.854474952860142,No dropout
1431,0.9195,6.049833355444662,Dropout
1432,0.738162451275713,7.179660794353382,Dropout
1433,0.8280123877745231,7.921168697271983,Dropout
1434,0.7188829422066276,5.591526918351849,Dropout
1435,0.9195,7.38787591996387,Dropout
1436,0.8081798197386831,5.483021570356432,No dropout
1437,0.8090165709847273,6.082966405371185,Dropout
1438,0.7903648725197139,6.754956111654735,Dropout
1439,0.9195,5.787723650184428,Dropout
1440,0.854102013864355,5.07,Dropout
1441,0.7267187883154276,7.433421656273347,Dropout
1442,0.8364535139920877,6.71775663388768,Dropout
1443,0.7105,6.672785157076421,Dropout
1444,0.8741903388328163,6.7772369136806,Dropout
1445,0.7341020416364705,6.260274247738162,Dropout
1446,0.8421052347464915,7.7440882439721825,Dropout
1447,0.848955819479125,6.409794506558647,No dropout
1448,0.74047122769871,7.93,Dropout
1449,0.8915422291765321,6.8931600321928475,Dropout
1450,0.8688328458376444,6.9907896456061795,Dropout
1451,0.7652710667683903,7.93,Dropout
1452,0.9084491249006278,5.909009457901635,Dropout
1453,0.9195,5.521033023210036,Dropout
1454,0.7105,6.3289657299705455,Dropout
1455,0.9195,5.731999967927288,Dropout
1456,0.7630814019192043,7.93,Dropout
1457,0.9195,6.561247469200054,Dropout
1458,0.8172841021798043,6.28159046779445,Dropout
1459,0.8371064823829998,5.352912498329881,Dropout
1460,0.8518381498641824,7.724169073533803,Dropout
1461,0.8113219246784887,5.764357258792371,No dropout
1462,0.8949594166681216,6.884036041601687,Dropout
1463,0.736610217235801,6.733834571843398,Dropout
1464,0.7105,6.784748455325641,Dropout
1465,0.8319028080514956,5.463542823080241,Dropout
1466,0.9195,5.1590407333477115,Dropout
1467,0.7349721228014422,7.408144606380075,Dropout
1468,0.8276671032358637,5.696301361560072,Dropout
1469,0.7533508935665394,7.329463711584992,Dropout
1470,0.8110438546657235,7.93,No dropout
1471,0.7850322875916839,5.2709021845930275,Dropout
1472,0.7578762098873265,7.407987640158556,Dropout
1473,0.8141533578621998,6.570963773835296,Dropout
1474,0.7105,5.07,Dropout
1475,0.8253637405427672,5.07,Dropout
1476,0.7852177378348953,5.286945146625073,Dropout
1477,0.8025424564303208,6.605954263318302,Dropout
1478,0.8955683548587533,5.07,Dropout
1479,0.9195,5.109913606371192,Dropout
1480,0.8125492623891102,7.93,Dropout
1481,0.7752094754024412,5.07,Dropout
1482,0.8913711262671136,5.966219904799344,Dropout
1483,0.9184757823908024,6.417289088985762,No dropout
1484,0.8486371579761478,7.804150421706218,Dropout
1485,0.9195,6.168276857612866,No dropout
1486,0.7854423463861576,5.848025018473303,Dropout
1487,0.764612256910052,5.260596519867226,Dropout
1488,0.7532440338826503,7.187726864092175,Dropout
1489,0.7236185036811358,5.07,Dropout
1490,0.8901269176733086,5.593947594906148,Dropout
1491,0.8672115374035555,6.227877021593278,Dropout
1492,0.8033687316310033,5.811028504075922,Dropout
1493,0.8256508764235828,5.509491313695353,Dropout
1494,0.8094766622010201,5.605148446982829,Dropout
1495,0.8639586715053404,6.993833698002249,Dropout
1496,0.7686969735791818,7.166917596415784,Dropout
1497,0.9195,5.540593517213553,Dropout
1498,0.9195,7.351581247231048,No dropout
1499,0.8673089802528489,6.463915939453844,Dropout
1500,0.7202169104151697,6.04200139205071,Dropout
1501,0.8307372026752332,7.93,No dropout
1502,0.739996332644131,5.998025409285715,No dropout
1503,0.9181548345614964,6.338982380350117,Dropout
1504,0.9195,7.93,Dropout
1505,0.8747335191224015,6.618067456739266,Dropout
1506,0.7721070837631787,6.622686957221387,Dropout
1507,0.9079360235403003,7.253838847384526,Dropout
1508,0.8637412962857862,6.332284500148737,Dropout
1509,0.9195,6.228523837598593,Dropout
1510,0.7691552359959115,5.99551379508676,Dropout
1511,0.9140593138273779,6.447457240524543,Dropout
1512,0.8858284337776479,7.555545142585199,Dropout
1513,0.8003556749660665,5.355778405467404,Dropout
1514,0.8914840574248407,5.864900540399019,Dropout
1515,0.7872381604194183,5.54402972714278,Dropout
1516,0.9019751939529624,6.752129397095795,Dropout
1517,0.9195,6.61436104293084,Dropout
1518,0.8621237571246881,5.964468517999858,No dropout
1519,0.9166757361500029,7.93,Dropout
1520,0.7250346821147485,6.119341651955793,Dropout
1521,0.9107198449597692,7.871312909104086,Dropout
1522,0.8425113910283852,6.897339780028667,Dropout
1523,0.9171951167216558,6.6683628833731206,No dropout
1524,0.8135791234317055,5.788514487909638,Dropout
1525,0.7716147653771627,6.08079359883533,Dropout
1526,0.7350901827044733,7.93,Dropout
1527,0.9085166754270465,5.546607033330321,Dropout
1528,0.8362550691037208,7.93,No dropout
1529,0.7105,6.245344201961008,Dropout
1530,0.7149179760846628,5.0947822072428774,Dropout
1531,0.7186440327014004,5.202766859156597,Dropout
1532,0.8765614705126884,7.916709553420127,No dropout
1533,0.8296167609503957,7.022208137585951,Dropout
1534,0.7572388976311654,5.07,Dropout
1535,0.7425502839949487,6.422666407263021,Dropout
1536,0.8852502604696975,5.07,Dropout
1537,0.8493842815474658,7.93,Dropout
1538,0.8395351341324773,5.769789382550023,Dropout
1539,0.9195,5.573828577423297,No dropout
1540,0.8775904771196933,5.07,Dropout
1541,0.8200058746774266,6.777685108465084,Dropout
1542,0.8181804426718102,6.3002022733502345,Dropout
1543,0.7672228199195485,5.8868344401610715,Dropout
1544,0.7563519912060397,5.2120598457582075,Dropout
1545,0.919258287108016,6.387513664818732,Dropout
1546,0.8322882633186405,6.261584655995872,Dropout
1547,0.7851551301120929,6.208663593334548,Dropout
1548,0.7643768556159855,7.517636130765301,No dropout
1549,0.8999480410477719,7.209058735371957,Dropout
1550,0.841902915826452,6.412397358430919,Dropout
1551,0.7191060610812385,7.487209238896429,Dropout
1552,0.8055783404350785,6.485499365165485,Dropout
1553,0.7876561723177414,5.323748709471671,No dropout
1554,0.8591088851480858,7.3561593618226295,Dropout
1555,0.9075844146718056,5.07,Dropout
1556,0.7792654708240918,6.161686546512173,Dropout
1557,0.9195,6.895542452736376,No dropout
1558,0.7105,5.07,Dropout
1559,0.7900435118926997,5.07,Dropout
1560,0.7304266690558571,6.974181078476364,Dropout
1561,0.7860851151612293,5.79786593838643,No dropout
1562,0.8798153416038731,7.305447754241781,Dropout
1563,0.8413930724388099,6.2743789738946045,Dropout
1564,0.8547999630987385,6.940399064540834,Dropout
1565,0.8628879198820774,5.517023940732542,Dropout
1566,0.8160315524416707,6.428555958886121,Dropout
1567,0.797547956346411,5.102698521229458,Dropout
1568,0.7638408261624311,6.5065446810711345,Dropout
1569,0.8344840405440104,7.368704364752219,Dropout
1570,0.8620391696683458,7.328160888552779,Dropout
1571,0.7459036501399624,6.661813751251572,Dropout
1572,0.9195,6.620584022958965,No dropout
1573,0.7105,6.31183963364832,No dropout
1574,0.7824381117548262,7.605187545519454,No dropout
1575,0.775646465225276,6.9852862840080725,Dropout
1576,0.8048186790468004,7.3904796063014535,Dropout
1577,0.90323602310457,5.640664142125872,Dropout
1578,0.7408461893306127,7.335133360975722,Dropout
1579,0.8245962155703701,7.532157305149148,No dropout
1580,0.7105,7.225628078106429,Dropout
1581,0.9195,6.314100866221058,Dropout
1582,0.9195,6.137002204734394,Dropout
1583,0.8661190147162081,5.915597882113043,Dropout
1584,0.794731935542049,5.303193551907458,Dropout
1585,0.9195,7.93,Dropout
1586,0.7476513514120543,6.3483946118121,Dropout
1587,0.7105,5.07,Dropout
1588,0.9072716074523862,6.974613465647504,Dropout
1589,0.8927263958313113,5.720244984098434,Dropout
1590,0.8324310994576101,6.016134154751685,Dropout
1591,0.8106105379764658,7.446716277069074,Dropout
1592,0.7105,7.93,No dropout
1593,0.8234652124975768,6.644424019722837,Dropout
1594,0.8851082295872914,7.1724211664733755,Dropout
1595,0.8314980639628873,6.010665529358164,Dropout
1596,0.9195,6.795386652579456,No dropout
1597,0.8953563897575441,6.033043516765725,Dropout
1598,0.8582040139198188,5.6078773878188475,No dropout
1599,0.7105,5.886669238519802,Dropout
1600,0.7675618083939196,6.698019547249409,Dropout
1601,0.8796542847916464,7.522406944347289,Dropout
1602,0.8582489405253072,5.07,Dropout
1603,0.8629239961628898,5.651882725541364,Dropout
1604,0.9195,5.159559116311583,Dropout
1605,0.7915608220559635,7.020006544459105,Dropout
1606,0.8093391400685357,6.402486923839849,Dropout
1607,0.8037702115514158,5.500522251323089,Dropout
1608,0.8274894862246964,6.867316214244165,Dropout
1609,0.9032739923182073,6.429015304743711,Dropout
1610,0.8302000497205341,6.00562584018629,Dropout
1611,0.77273838236682,6.129291168887105,No dropout
1612,0.9108474157807952,6.964865912003402,Dropout
1613,0.8537905971810639,7.93,Dropout
1614,0.7847375457130537,7.38407982278433,Dropout
1615,0.8145350019483111,7.523034723424303,Dropout
1616,0.810894458443718,5.220157816914927,Dropout
1617,0.8938722254825922,5.07,Dropout
1618,0.9195,5.534917863876801,Dropout
1619,0.7105,6.814804748892166,No dropout
1620,0.797265684618592,7.771015410043986,Dropout
1621,0.8059215696241914,5.07,No dropout
1622,0.8110302902814504,6.229437036560692,Dropout
1623,0.9195,6.7762307511117745,Dropout
1624,0.7354562594088512,5.881725541101579,Dropout
1625,0.7526838133978394,5.990750763773137,Dropout
1626,0.8133807095514999,6.185283862942702,Dropout
1627,0.9126273297965216,6.362213698331389,No dropout
1628,0.9195,7.25173092147539,Dropout
1629,0.8114537501539175,6.704245436532541,Dropout
1630,0.7676283121314367,5.07,Dropout
1631,0.9131436447697008,6.094137930053877,Dropout
1632,0.8628693281440528,7.500100996984147,Dropout
1633,0.8323783710566218,6.641898242168428,Dropout
1634,0.844246819321366,7.643393134230774,Dropout
1635,0.9195,7.3115616369796905,Dropout
1636,0.7428701850563922,6.221210019794509,Dropout
1637,0.783553082704069,5.822487594337964,No dropout
1638,0.7105,6.038949189556891,Dropout
1639,0.8675946072349385,6.407501767425228,Dropout
1640,0.7541195826234,7.365678112181641,No dropout
1641,0.751191802265368,7.8990402746957145,Dropout
1642,0.8875583080814383,5.07,No dropout
1643,0.8548969567477065,7.93,Dropout
1644,0.8558248254613634,6.485364147137481,Dropout
1645,0.795348766187914,5.07,Dropout
1646,0.804528190396707,5.2618622985400965,Dropout
1647,0.8176477785470947,6.962768897478709,Dropout
1648,0.9195,5.873612625690857,Dropout
1649,0.7690983821449912,5.8162780017479045,Dropout
1650,0.9195,5.102720430111717,Dropout
1651,0.9195,7.311937898041862,Dropout
1652,0.9037861320467536,7.669808558687771,Dropout
1653,0.8834055771902012,6.891197616719057,Dropout
1654,0.8232195567798544,6.116207739241661,Dropout
1655,0.7105,5.594606155859508,Dropout
1656,0.8118739778448335,5.262249230963702,No dropout
1657,0.9195,6.279869165580671,Dropout
1658,0.8031939066268845,7.439084794610414,Dropout
1659,0.8791947339008901,6.236296440094485,Dropout
1660,0.8406606922392282,5.987453185862982,Dropout
1661,0.7300841468475215,6.267821894830127,Dropout
1662,0.7884114710559079,7.842016833837244,Dropout
1663,0.7858824500496178,5.745206847936544,Dropout
1664,0.7791224980850026,5.470588154995262,Dropout
1665,0.7356458825005996,7.1588741610549524,Dropout
1666,0.8466103971150448,7.667042664994113,Dropout
1667,0.8275646096975096,5.409813104279653,Dropout
1668,0.8050663108955406,5.07,Dropout
1669,0.9195,5.393699761160598,Dropout
1670,0.7662327578480054,5.744387530228229,No dropout
1671,0.8604671193051907,5.697703149701899,Dropout
1672,0.7870460812865377,5.07,Dropout
1673,0.9087297594122363,6.054129776019547,No dropout
1674,0.8058446761357179,6.703581735114442,Dropout
1675,0.8400110701734377,7.369963650556744,Dropout
1676,0.9082058691271542,7.739643689639038,Dropout
1677,0.9194343283835621,7.3341971291218,Dropout
1678,0.7951270634307736,6.548574483822131,Dropout
1679,0.7748571076138454,5.8960560445837835,Dropout
1680,0.9062246606617005,7.865997766350489,Dropout
1681,0.8443452074946494,6.095832834965532,Dropout
1682,0.9195,5.678102926810812,Dropout
1683,0.8705280279682388,5.402522955598008,Dropout
1684,0.87392423963321,5.07,Dropout
1685,0.8950007987092096,7.93,Dropout
1686,0.9195,6.725846437989161,No dropout
1687,0.8390661381296995,6.056179706479367,Dropout
1688,0.8094350035147074,6.469111551447688,No dropout
1689,0.7315756182554106,5.07,Dropout
1690,0.7105,6.915630246124849,Dropout
1691,0.8484570537707741,6.043400061812795,No dropout
1692,0.8021219596263943,6.8894962489840115,Dropout
1693,0.7105,5.393198066878791,Dropout
1694,0.9080831528855491,6.036606794320295,Dropout
1695,0.81037739625948,5.07,Dropout
1696,0.7961430569344338,6.392925000656171,Dropout
1697,0.9155552002681382,6.636310451012599,Dropout
1698,0.9175619456313937,7.791893442391517,Dropout
1699,0.8071079652512108,5.913532667289617,Dropout
1700,0.8258730519374955,5.285923735615243,Dropout
1701,0.8960854005485399,5.691667708859773,Dropout
1702,0.8204769106403836,7.93,Dropout
1703,0.9152872943180047,6.291160995163779,Dropout
1704,0.9195,5.168554356292429,Dropout
1705,0.795081853369683,7.111397478613674,No dropout
1706,0.7817365900550972,5.77558840191122,Dropout
1707,0.8720531143075427,5.54680940152308,Dropout
1708,0.9195,6.817013761481949,Dropout
1709,0.7682492683658775,7.489889591666513,Dropout
1710,0.7377414726770575,7.903734270310158,Dropout
1711,0.8251905828654378,6.035647159838446,Dropout
1712,0.9045008159180792,7.5065898377925,Dropout
1713,0.8912605504726607,7.072945897396487,Dropout
1714,0.8980853016786088,6.485014607247402,Dropout
1715,0.879744945208106,6.1224902845798,Dropout
1716,0.8479008355833109,6.004327994726492,Dropout
1717,0.9186508922595302,6.231440013869327,Dropout
1718,0.8761163395873552,5.07,Dropout
1719,0.7105,5.07,Dropout
1720,0.8442990026965627,6.193279838136423,Dropout
1721,0.8505796448935058,7.719297571551609,Dropout
1722,0.9195,7.93,Dropout
1723,0.8403508848608982,6.3033886997229995,No dropout
1724,0.8762042283354143,6.773046637405895,Dropout
1725,0.7549872286381312,7.610849558382068,Dropout
1726,0.8117357898061723,7.166982583315096,Dropout
1727,0.8036877937551589,6.306235906784198,Dropout
1728,0.7869267895058033,5.560878466891502,Dropout
1729,0.8340926787239125,6.874121084389602,Dropout
1730,0.7105,6.639194712332717,Dropout
1731,0.7850031738915,7.1109576577330404,Dropout
1732,0.7105,5.840156585179717,Dropout
1733,0.7805690325040109,7.855531018247769,No dropout
1734,0.8822471902833475,5.740068189839465,Dropout
1735,0.8081689740208744,6.5187335661942205,Dropout
1736,0.8106666973156558,6.476659373312342,Dropout
1737,0.8150062461104818,5.905043193053356,No dropout
1738,0.7910243303686895,6.246485581740159,Dropout
1739,0.7236338796286995,6.798659457226555,Dropout
1740,0.8332258409786661,5.632567959470373,Dropout
1741,0.8793128134406865,7.93,No dropout
1742,0.7157103284041999,5.958326513031869,No dropout
1743,0.8398003171622141,7.603936477765266,Dropout
1744,0.7956836781015655,7.71579205049336,Dropout
1745,0.7905041684414746,7.621324546413627,Dropout
1746,0.750660263859944,5.220985222662862,Dropout
1747,0.8210091728747552,7.9287802290226,Dropout
1748,0.7272198616437702,7.152355785187771,Dropout
1749,0.7987224513811544,5.07,Dropout
1750,0.7142826818104384,6.613342087140605,Dropout
1751,0.7301556656807209,6.318936731972553,Dropout
1752,0.7480002503342916,7.041263784705718,Dropout
1753,0.7790797837691208,5.07,No dropout
1754,0.7557256657338794,6.76941345221503,Dropout
1755,0.7987433021713484,6.477954226916049,Dropout
1756,0.9195,7.803857285600743,Dropout
1757,0.7493735461826693,6.147361442712914,Dropout
1758,0.8228323402267126,5.07,Dropout
1759,0.8106438608246578,7.93,Dropout
1760,0.8992584815647042,7.273716129397256,Dropout
1761,0.7304947239768909,6.415304168734586,Dropout
1762,0.7105,7.133397007206063,Dropout
1763,0.883681357118845,6.999154703442011,Dropout
1764,0.9195,6.79389686817755,Dropout
1765,0.8524685819704438,6.031947655320349,Dropout
1766,0.9075081276281194,6.2362457985663875,Dropout
1767,0.9192035654651444,7.517722355664471,Dropout
1768,0.8701668189652194,7.649080998652934,Dropout
1769,0.820709101784985,5.927006845962478,Dropout
1770,0.7823124645770353,6.456880230938761,No dropout
1771,0.8217361527247338,7.49057750168419,Dropout
1772,0.7527375191392742,7.93,Dropout
1773,0.8420727511460465,6.664350815768341,Dropout
1774,0.757384362918438,5.07,Dropout
1775,0.7105,6.576816039637459,Dropout
1776,0.9195,7.057368827269579,No dropout
1777,0.8810491364955465,6.513523605924066,Dropout
1778,0.9075806248256338,6.1652462090242715,Dropout
1779,0.7902627192063298,5.07,Dropout
1780,0.7803909805234736,6.633676730091607,No dropout
1781,0.7105,7.300924417738727,Dropout
1782,0.7517200078624693,5.20564390201087,Dropout
1783,0.8035283195245616,5.968055257991309,No dropout
1784,0.7482903718758376,7.097877112783599,Dropout
1785,0.7799017892444268,6.352765883130046,Dropout
1786,0.8697903358422019,5.495653311938176,Dropout
1787,0.8246800600424036,7.93,Dropout
1788,0.8166684608280683,6.491367160660427,Dropout
1789,0.8216139254255462,5.435921689374259,Dropout
1790,0.8627618161797638,6.154789293784353,Dropout
1791,0.7337989694701139,6.273301079484697,Dropout
1792,0.8437892807662334,6.295543118391033,Dropout
1793,0.7105,6.948192153703797,Dropout
1794,0.8373656844387625,6.192130455567767,Dropout
1795,0.7854728094868865,7.375478753694601,No dropout
1796,0.8554511328921701,7.511342806970344,Dropout
1797,0.9090451345784248,5.521961110185742,Dropout
1798,0.8158921993044411,7.027818196676433,No dropout
1799,0.7698327314430298,6.4746535710670035,Dropout
1800,0.8972322664940909,7.193515992564191,Dropout
1801,0.8917301051848442,7.288528510960595,Dropout
1802,0.8483272944771755,5.3124092559408025,Dropout
1803,0.7823382577683337,7.666876263120265,Dropout
1804,0.7105,5.07,Dropout
1805,0.9195,5.96280588845787,Dropout
1806,0.8262475796023974,5.574649260025497,Dropout
1807,0.9195,5.07,Dropout
1808,0.8932941790547266,6.304065713514746,Dropout
1809,0.8517845125920088,6.380613261379496,No dropout
1810,0.7105,7.363303923103426,Dropout
1811,0.7910837504723847,5.07,Dropout
1812,0.8290628889817512,7.93,Dropout
1813,0.8615854815681141,6.888860790540471,Dropout
1814,0.7494136339626608,5.07,Dropout
1815,0.8128057308974477,6.172734102311118,No dropout
1816,0.7751894860186845,5.5043409094476825,Dropout
1817,0.9195,6.063563474152168,No dropout
1818,0.8534533823141305,5.436613110935091,Dropout
1819,0.7478327633402482,6.813209351699233,Dropout
1820,0.863200016207347,7.93,Dropout
1821,0.9195,6.534877627018954,Dropout
1822,0.9099672825145965,6.4143977264979535,Dropout
1823,0.7105,5.57763514849201,Dropout
1824,0.7463474688194783,5.544521652072892,Dropout
1825,0.7105,5.210909068645063,Dropout
1826,0.8335686837225575,7.692358649718886,Dropout
1827,0.7549514072751212,6.841510363422794,Dropout
1828,0.798706121918704,5.902895438752568,Dropout
1829,0.9195,5.760898092083251,Dropout
1830,0.7888508962933464,7.372693082066412,Dropout
1831,0.8542782369433981,7.93,Dropout
1832,0.8893854042112772,6.635430641050146,Dropout
1833,0.7949651379287095,6.107072584226051,Dropout
1834,0.7458902523663,7.276575127290115,Dropout
1835,0.8384961740548672,5.07,Dropout
1836,0.8307336170595012,6.962134445900841,Dropout
1837,0.9195,6.423839714654631,Dropout
1838,0.8116893978931685,5.105788576072253,Dropout
1839,0.8751896474810988,7.4339786731964805,Dropout
1840,0.8315035563786463,6.459423879295005,Dropout
1841,0.8521063057961525,7.719167159291356,Dropout
1842,0.7515152574603344,7.409282029985763,Dropout
1843,0.8738962567400582,5.9332702905460994,Dropout
1844,0.824965248603627,7.890368035914744,Dropout
1845,0.7396051706112176,6.252776577516926,Dropout
1846,0.8574270573086548,7.93,Dropout
1847,0.9132263737913505,5.07,Dropout
1848,0.8072329435298543,6.647183996828982,Dropout
1849,0.7105,6.292688748998546,Dropout
1850,0.7105,7.264694794397549,Dropout
1851,0.771373496274924,5.07,Dropout
1852,0.8694038094494252,6.822615235624194,No dropout
1853,0.7784239628311704,7.93,Dropout
1854,0.8563364453458124,6.716237896661246,Dropout
1855,0.8160952229931414,6.849792528907152,Dropout
1856,0.8365519817817125,7.740419680575856,Dropout
1857,0.8121323079263252,5.07,Dropout
1858,0.8462341204971853,6.624053999896365,Dropout
1859,0.8550826940147891,6.655592472292634,Dropout
1860,0.7105,5.630646961908026,Dropout
1861,0.9195,5.07,Dropout
1862,0.7301732008592321,7.872096388295476,No dropout
1863,0.7592418923460845,7.0611073161747395,Dropout
1864,0.7646048754639685,5.07,Dropout
1865,0.9195,5.222143537506302,Dropout
1866,0.7777672318006879,6.0693419750706905,No dropout
1867,0.8987123071969394,7.543420698081459,Dropout
1868,0.8184016540500553,7.536498599493709,Dropout
1869,0.9007486639720135,7.338582664386859,Dropout
1870,0.9195,5.643607478448639,Dropout
1871,0.8130490313195682,7.93,Dropout
1872,0.8421590203267263,6.523000487121054,Dropout
1873,0.7105,6.057163079479039,Dropout
1874,0.8838365451081254,7.588509000615734,Dropout
1875,0.9195,6.959927000437982,No dropout
1876,0.8457922145461841,7.100144171565358,No dropout
1877,0.7845884301012972,6.222565481627272,Dropout
1878,0.8651238958335663,5.187531280949088,No dropout
1879,0.7105,5.07,Dropout
1880,0.8825797446649821,6.277177704749911,Dropout
1881,0.745331246405919,5.187190289857205,Dropout
1882,0.7105,5.07,Dropout
1883,0.8690211524008804,6.556818296485616,Dropout
1884,0.8672610289352107,6.173955448895997,Dropout
1885,0.9195,5.583470446769083,Dropout
1886,0.7693626485449292,5.5428439407195835,No dropout
1887,0.7551358472850802,5.092006462745314,Dropout
1888,0.8563996945724016,7.5344993824145385,Dropout
1889,0.8426949209604166,5.210886443773566,Dropout
1890,0.8542239284130805,5.356666350846778,Dropout
1891,0.8437382022179438,6.80946705492728,Dropout
1892,0.8810166984534189,7.579522043427796,Dropout
1893,0.9195,6.4768250344173355,Dropout
1894,0.8141267582378697,6.5109911779281,Dropout
1895,0.8723456324762356,6.430621766518791,Dropout
1896,0.8592991210796616,6.88305843470603,Dropout
1897,0.7105,6.557286257097522,Dropout
1898,0.8963729985945915,5.436645787545908,Dropout
1899,0.9195,5.098208036180921,Dropout
1900,0.8472858957649969,5.971075682808201,Dropout
1901,0.9195,5.836794485958565,Dropout
1902,0.8973015285813377,6.148981511625329,Dropout
1903,0.8935474777544979,6.421757481764734,Dropout
1904,0.7862594638479249,5.340269458700597,Dropout
1905,0.9195,5.07,Dropout
1906,0.8260556600587996,7.9214708921229455,No dropout
1907,0.892795056795361,5.327197318351678,Dropout
1908,0.8427435495951728,6.534349854793447,Dropout
1909,0.7827652532770415,6.890722055316681,Dropout
1910,0.9195,6.4004489963063,Dropout
1911,0.7829515722261007,7.4227887569483855,Dropout
1912,0.8517825653744883,5.728952893287394,Dropout
1913,0.9195,6.482606356248316,Dropout
1914,0.7381114982430452,7.478958959046249,Dropout
1915,0.9195,5.8614157393483985,Dropout
1916,0.7935879143805102,7.93,Dropout
1917,0.8689374749361417,7.180860579915529,Dropout
1918,0.8012111725368933,6.928784864615691,No dropout
1919,0.9195,7.588053009603048,Dropout
1920,0.7332425097488947,5.621438809366453,Dropout
1921,0.7751734363228977,5.3491025485332955,Dropout
1922,0.8663497427440566,5.07,Dropout
1923,0.7279072619562167,6.31069627622699,Dropout
1924,0.7824822501172652,7.442504349882404,Dropout
1925,0.9195,6.242960796437164,Dropout
1926,0.8086025673580679,5.473102547720677,Dropout
1927,0.732275979162832,5.07,Dropout
1928,0.916308508443777,6.578882933799642,Dropout
1929,0.830623060815595,5.07,Dropout
1930,0.7105,5.803591070798417,Dropout
1931,0.7105,5.5528924427818875,Dropout
1932,0.8228933700012513,7.51264421316709,Dropout
1933,0.8148528004261901,6.741426833699687,Dropout
1934,0.8650163573083498,7.079300742656108,Dropout
1935,0.8381561032278468,5.07,Dropout
1936,0.8367917673985217,7.347938653415335,No dropout
1937,0.8682007251410517,5.07,No dropout
1938,0.9195,7.46072888899998,Dropout
1939,0.8653236633436897,6.100040040640991,Dropout
1940,0.9195,5.348734808194846,Dropout
1941,0.8551179965883073,7.029824591133057,Dropout
1942,0.8709018092142857,6.803968443807146,Dropout
1943,0.9195,7.702161304940373,Dropout
1944,0.9195,7.153512865679561,Dropout
1945,0.7105,7.1347730220407275,Dropout
1946,0.7124508370459565,6.013664071222798,Dropout
1947,0.9195,6.324204900891452,Dropout
1948,0.8225460280275029,5.877449361549053,Dropout
1949,0.7733982407628205,6.5675456873721885,Dropout
1950,0.7502101397216993,7.480663824156183,Dropout
1951,0.8674181851952103,5.757018330002535,Dropout
1952,0.7105,6.776208847504226,Dropout
1953,0.8507932692630523,7.178575986662648,Dropout
1954,0.9195,6.834915226571137,Dropout
1955,0.7834846070967117,6.286877742595473,Dropout
1956,0.9195,5.8118732968501,Dropout
1957,0.9195,5.961788543837464,Dropout
1958,0.8452972824097873,7.2799521746668825,Dropout
1959,0.9195,6.519914759898683,Dropout
1960,0.7105,6.6589359438538755,Dropout
1961,0.794979912654865,7.422234734747273,Dropout
1962,0.8099669652101357,6.265934980378642,Dropout
1963,0.9139210025050917,7.93,Dropout
1964,0.8905633905972014,7.2336475879786395,Dropout
1965,0.9195,5.07,Dropout
1966,0.9195,5.07,Dropout
1967,0.900435293323105,6.490136993457142,Dropout
1968,0.752242056309387,5.6372948916795975,Dropout
1969,0.7604825167271765,7.477284638565687,Dropout
1970,0.8814358995633305,5.90260166173769,Dropout
1971,0.8409664159287943,6.954267193803201,Dropout
1972,0.8234373807643688,7.93,Dropout
1973,0.7372760755635209,7.478819233222641,Dropout
1974,0.8148462836428472,7.220195847135938,Dropout
1975,0.8793203995238913,7.055290826918733,Dropout
1976,0.7415183394565209,6.064833732813516,Dropout
1977,0.8092357175944764,6.530208269814229,Dropout
1978,0.7543790900160258,5.07,Dropout
1979,0.9195,5.80868309028579,Dropout
1980,0.7904911846164853,7.788561678324472,Dropout
1981,0.7105,7.93,Dropout
1982,0.8936302877751191,6.789196463119363,Dropout
1983,0.7754481113802728,7.489457079994838,Dropout
1984,0.888534020048116,7.3846109108131115,Dropout
1985,0.7931071476388352,6.717718747178902,Dropout
1986,0.8012744403206667,6.3274361069922875,Dropout
1987,0.7661436638304309,6.611281733350496,Dropout
1988,0.8737056505128937,5.07,No dropout
1989,0.7192309655888368,7.054245960847336,Dropout
1990,0.7908425436533818,6.6288507788998015,No dropout
1991,0.8105186462448529,5.6949956246401126,Dropout
1992,0.7125436069568534,5.226182204325461,Dropout
1993,0.7784338946996174,5.4662976052466385,Dropout
1994,0.8567038152109295,5.549590534749725,Dropout
1995,0.8759457765187549,6.986959568924966,Dropout
1996,0.8104474521629904,6.178412660449937,No dropout
1997,0.7499720275913568,7.2141138172896815,Dropout
1998,0.9195,6.655207160373203,Dropout
1999,0.8420682850674444,7.471400981339667,Dropout
2000,0.7105,7.434388698654954,Dropout
